Trade Date,Symbol,Expiry Bucket,Expiry,Futures Close,ATM Strike,CE Close,PE Close,Straddle,Straddle %
2026-10-01,360ONE,CURRENT,2026-10-27,1035.0,1040.0,32.4,37.85,70.25,6.787439613526571
2026-10-01,360ONE,FAR,2026-12-29,1044.5,1040.0,80.2,75.75,155.95,14.930588798468166
2026-10-01,360ONE,NEAR,2026-11-23,1036.7,1040.0,208.5,25.0,233.5,22.52339153081894
2026-10-01,ABB,CURRENT,2026-10-27,6908.5,6900.0,217.55,205.55,423.1,6.124339581674749
2026-10-01,ABB,FAR,2026-12-29,6934.5,7000.0,392.9,629.85,1022.75,14.748720167279544
2026-10-01,ABB,NEAR,2026-11-23,6934.0,6900.0,306.6,484.8,791.4000000000001,11.413325641765216
2026-10-01,ABCAPITAL,CURRENT,2026-10-27,375.55,375.0,11.6,11.1,22.7,6.044468113433631
2026-10-01,ABCAPITAL,FAR,2026-12-29,379.35,380.0,31.75,28.2,59.95,15.803347831817582
2026-10-01,ABCAPITAL,NEAR,2026-11-23,377.65,380.0,19.75,15.0,34.75,9.201641731762214
2026-10-01,ADANIENSOL,CURRENT,2026-10-27,1339.3,1340.0,54.0,53.0,107.0,7.989248114686777
2026-10-01,ADANIENSOL,FAR,2026-12-29,1356.0,1360.0,118.2,152.45,270.65,19.9594395280236
2026-10-01,ADANIENSOL,NEAR,2026-11-23,1343.1,1340.0,70.0,115.85,185.85,13.837391110118382
2026-10-01,ADANIENT,CURRENT,2026-10-27,2836.4,2850.0,84.6,98.25,182.85,6.44655196728247
2026-10-01,ADANIENT,FAR,2026-12-29,2860.1,2900.0,329.2,213.8,543.0,18.985350162581728
2026-10-01,ADANIENT,NEAR,2026-11-23,2848.8,2850.0,289.5,141.3,430.8,15.122156697556866
2026-10-01,ADANIGREEN,CURRENT,2026-10-27,1287.4,1280.0,49.3,42.35,91.65,7.118999533944384
2026-10-01,ADANIGREEN,FAR,2026-12-29,1291.4,1280.0,132.5,133.75,266.25,20.617159671674152
2026-10-01,ADANIGREEN,NEAR,2026-11-23,1292.2,1300.0,91.1,119.55,210.65,16.301656090388484
2026-10-01,ADANIPORTS,CURRENT,2026-10-27,1750.5,1760.0,38.8,47.1,85.9,4.907169380177093
2026-10-01,ADANIPORTS,FAR,2026-12-29,1771.0,1760.0,181.75,94.0,275.75,15.57029926595144
2026-10-01,ADANIPORTS,NEAR,2026-11-23,1759.2,1760.0,108.35,139.5,247.85,14.088790359254205
2026-10-01,ADANIPOWER,CURRENT,2026-10-27,197.77,197.5,7.4,7.0,14.4,7.281185215148909
2026-10-01,ADANIPOWER,FAR,2026-12-29,200.56,200.0,18.25,19.02,37.27,18.58296769046669
2026-10-01,ADANIPOWER,NEAR,2026-11-23,198.83,200.0,10.0,10.3,20.3,10.209726902378916
2026-10-01,ALKEM,CURRENT,2026-10-27,5226.5,5250.0,117.55,126.0,243.55,4.659906247010428
2026-10-01,ALKEM,FAR,2026-12-29,5259.5,5300.0,295.85,268.2,564.05,10.72440346040498
2026-10-01,ALKEM,NEAR,2026-11-23,5272.5,5250.0,242.9,196.25,439.15,8.329065908013277
2026-10-01,AMBER,CURRENT,2026-10-27,6493.5,6500.0,213.65,213.35,427.0,6.575806575806576
2026-10-01,AMBER,FAR,2026-12-29,6527.0,6600.0,712.45,609.25,1321.7,20.24973188294776
2026-10-01,AMBER,NEAR,2026-11-23,6510.0,6500.0,597.25,433.05,1030.3,15.826420890937015
2026-10-01,AMBUJACEM,CURRENT,2026-10-27,363.8,365.0,10.25,11.15,21.4,5.88235294117647
2026-10-01,AMBUJACEM,FAR,2026-12-29,367.75,370.0,25.15,24.0,49.15,13.36505778382053
2026-10-01,AMBUJACEM,NEAR,2026-11-23,365.3,365.0,16.1,17.1,33.2,9.088420476320833
2026-10-01,ANANDRATHI,CURRENT,2026-10-27,2118.9,2120.0,64.25,84.25,148.5,7.008353390910378
2026-10-01,ANANDRATHI,FAR,2026-12-29,2131.8,2120.0,129.65,118.0,247.65,11.616943428088938
2026-10-01,ANANDRATHI,NEAR,2026-11-23,2113.2,2120.0,96.25,96.8,193.05,9.13543441226576
2026-10-01,ANGELONE,CURRENT,2026-10-27,276.3,275.0,13.15,11.7,24.85,8.993847267462902
2026-10-01,ANGELONE,FAR,2026-12-29,277.85,280.0,26.45,28.85,55.3,19.902825265430984
2026-10-01,ANGELONE,NEAR,2026-11-23,277.35,275.0,21.85,20.9,42.75,15.413737155219035
2026-10-01,APLAPOLLO,CURRENT,2026-10-27,2128.9,2120.0,69.95,58.25,128.2,6.021889238573911
2026-10-01,APLAPOLLO,FAR,2026-12-29,2159.6,2160.0,181.8,121.55,303.35,14.046582700500092
2026-10-01,APLAPOLLO,NEAR,2026-11-23,2141.5,2140.0,153.2,85.6,238.8,11.15106233948167
2026-10-01,APOLLOHOSP,CURRENT,2026-10-27,8116.0,8100.0,206.1,187.25,393.35,4.846599310004929
2026-10-01,APOLLOHOSP,FAR,2026-12-29,8157.0,8200.0,751.6,172.5,924.1,11.3289199460586
2026-10-01,APOLLOHOSP,NEAR,2026-11-23,8171.5,8200.0,930.45,119.6,1050.05,12.850149911276995
2026-10-01,ASHOKLEY,CURRENT,2026-10-27,151.72,152.5,4.7,5.39,10.09,6.650408647508568
2026-10-01,ASHOKLEY,FAR,2026-12-29,152.47,150.0,15.61,9.97,25.58,16.777070899193284
2026-10-01,ASHOKLEY,NEAR,2026-11-23,151.85,152.5,11.09,8.8,19.89,13.098452420151466
2026-10-01,ASIANPAINT,CURRENT,2026-10-27,2398.8,2400.0,52.25,54.65,106.9,4.456394864098716
2026-10-01,ASIANPAINT,FAR,2026-12-29,2417.8,2400.0,154.35,104.2,258.55,10.693605757300023
2026-10-01,ASIANPAINT,NEAR,2026-11-23,2408.6,2400.0,314.15,38.7,352.85,14.649588972847296
2026-10-01,ASTRAL,CURRENT,2026-10-27,1343.4,1340.0,39.15,35.35,74.5,5.545630489801995
2026-10-01,ASTRAL,FAR,2026-12-29,1348.7,1360.0,116.1,81.15,197.25,14.625194631867725
2026-10-01,ASTRAL,NEAR,2026-11-23,1347.8,1340.0,101.35,54.45,155.8,11.5595785724885
2026-10-01,ATHERENERG,CURRENT,2026-10-27,1401.3,1400.0,59.0,57.3,116.3,8.299436237779204
2026-10-01,ATHERENERG,FAR,2026-12-29,1395.0,1400.0,160.95,133.45,294.4,21.103942652329746
2026-10-01,ATHERENERG,NEAR,2026-11-23,1396.5,1400.0,92.25,115.2,207.45,14.854994629430715
2026-10-01,AUBANK,CURRENT,2026-10-27,992.9,990.0,32.75,30.05,62.8,6.324906838553732
2026-10-01,AUBANK,FAR,2026-12-29,1018.7,1020.0,71.05,70.95,142.0,13.939334445862372
2026-10-01,AUBANK,NEAR,2026-11-23,998.4,1000.0,167.4,23.95,191.35,19.16566506410256
2026-10-01,AUROPHARMA,CURRENT,2026-10-27,1680.9,1680.0,46.65,44.4,91.05,5.416741031590219
2026-10-01,AUROPHARMA,FAR,2026-12-29,1682.0,1680.0,130.5,88.2,218.7,13.002378121284186
2026-10-01,AUROPHARMA,NEAR,2026-11-23,1689.8,1680.0,88.35,125.6,213.95,12.6612616877737
2026-10-01,AXISBANK,CURRENT,2026-10-27,1225.8,1230.0,29.6,33.3,62.9,5.131342796541034
2026-10-01,AXISBANK,FAR,2026-12-29,1239.1,1240.0,65.7,75.45,141.15,11.391332418690988
2026-10-01,AXISBANK,NEAR,2026-11-23,1232.8,1230.0,43.85,58.3,102.15,8.286015574302402
2026-10-01,BAJAJ-AUTO,CURRENT,2026-10-27,10072.0,10100.0,228.55,256.4,484.95,4.814833200953137
2026-10-01,BAJAJ-AUTO,FAR,2026-12-29,10166.0,10200.0,1055.3,294.85,1350.15,13.28103482195554
2026-10-01,BAJAJ-AUTO,NEAR,2026-11-23,10128.0,10100.0,972.05,171.35,1143.4,11.289494470774091
2026-10-01,BAJAJFINSV,CURRENT,2026-10-27,1731.0,1740.0,40.95,50.8,91.75,5.300404390525708
2026-10-01,BAJAJFINSV,FAR,2026-12-29,1750.7,1760.0,106.65,98.45,205.1,11.71531387445022
2026-10-01,BAJAJFINSV,NEAR,2026-11-23,1739.0,1740.0,88.75,70.9,159.65,9.18056354226567
2026-10-01,BAJAJHLDNG,CURRENT,2026-10-27,10668.0,10700.0,218.85,391.65,610.5,5.722722159730034
2026-10-01,BAJFINANCE,CURRENT,2026-10-27,954.75,950.0,32.35,27.9,60.25,6.310552500654622
2026-10-01,BAJFINANCE,FAR,2026-12-29,962.85,960.0,83.15,55.25,138.4,14.373993872358104
2026-10-01,BAJFINANCE,NEAR,2026-11-23,960.5,960.0,163.95,44.0,207.95,21.650182196772512
2026-10-01,BANDHANBNK,CURRENT,2026-10-27,175.86,175.0,6.8,6.62,13.42,7.631070169452974
2026-10-01,BANDHANBNK,FAR,2026-12-29,176.86,175.0,24.91,12.03,36.94,20.88657695352256
2026-10-01,BANDHANBNK,NEAR,2026-11-23,176.85,177.5,19.13,9.74,28.87,16.324568843652813
2026-10-01,BANKBARODA,CURRENT,2026-10-27,232.63,232.5,6.46,6.47,12.93,5.558182521600825
2026-10-01,BANKBARODA,FAR,2026-12-29,235.02,235.0,13.51,17.39,30.9,13.14781720704621
2026-10-01,BANKBARODA,NEAR,2026-11-23,233.65,232.5,10.6,13.36,23.96,10.254654397603252
2026-10-01,BANKINDIA,CURRENT,2026-10-27,129.7,130.0,4.43,4.7,9.13,7.039321511179645
2026-10-01,BANKINDIA,FAR,2026-12-29,130.13,130.0,11.05,9.04,20.09,15.438407746100054
2026-10-01,BANKINDIA,NEAR,2026-11-23,130.25,130.0,7.09,5.45,12.54,9.62763915547025
2026-10-01,BANKNIFTY,CURRENT,2026-10-27,54794.8,54800.0,878.75,902.7,1781.45,3.2511296692386864
2026-10-01,BANKNIFTY,FAR,2026-12-29,55397.4,55400.0,1697.15,1265.5,2962.65,5.347994671230058
2026-10-01,BANKNIFTY,NEAR,2026-11-23,55091.8,55100.0,1184.8,1218.75,2403.55,4.3628089842771525
2026-10-01,BDL,CURRENT,2026-10-27,1084.7,1080.0,42.1,36.55,78.65,7.250852770351249
2026-10-01,BDL,FAR,2026-12-29,1067.9,1080.0,111.4,90.45,201.85,18.901582545182134
2026-10-01,BDL,NEAR,2026-11-23,1072.9,1080.0,130.0,50.0,180.0,16.776959642091526
2026-10-01,BEL,CURRENT,2026-10-27,383.75,385.0,9.4,10.5,19.9,5.185667752442996
2026-10-01,BEL,FAR,2026-12-29,387.9,390.0,27.0,23.55,50.55,13.031709203402938
2026-10-01,BEL,NEAR,2026-11-23,385.85,385.0,22.8,16.6,39.400000000000006,10.21122197745238
2026-10-01,BHARATFORG,CURRENT,2026-10-27,1872.2,1880.0,49.85,56.05,105.9,5.656446960794788
2026-10-01,BHARATFORG,FAR,2026-12-29,1880.0,1880.0,188.9,99.35,288.25,15.33244680851064
2026-10-01,BHARATFORG,NEAR,2026-11-23,1883.1,1880.0,91.0,92.8,183.8,9.760501301046148
2026-10-01,BHARTIARTL,CURRENT,2026-10-27,1749.7,1740.0,35.95,25.75,61.7,3.5263187975081443
2026-10-01,BHARTIARTL,FAR,2026-12-29,1770.4,1760.0,109.2,72.25,181.45,10.249096249435157
2026-10-01,BHARTIARTL,NEAR,2026-11-23,1758.5,1760.0,40.55,20.65,61.2,3.480238839920387
2026-10-01,BHEL,CURRENT,2026-10-27,423.5,425.0,15.2,16.6,31.8,7.5088547815820545
2026-10-01,BHEL,FAR,2026-12-29,427.8,420.0,27.2,37.3,64.5,15.077138849929876
2026-10-01,BHEL,NEAR,2026-11-23,425.55,430.0,20.3,25.2,45.5,10.692045588062507
2026-10-01,BIOCON,CURRENT,2026-10-27,373.1,375.0,9.0,10.6,19.6,5.253283302063791
2026-10-01,BIOCON,FAR,2026-12-29,376.5,380.0,26.3,23.75,50.05,13.293492695883131
2026-10-01,BIOCON,NEAR,2026-11-23,375.3,375.0,22.15,16.85,39.0,10.391686650679455
2026-10-01,BLUESTARCO,CURRENT,2026-10-27,1406.8,1400.0,92.15,48.6,140.75,10.004975831674724
2026-10-01,BLUESTARCO,FAR,2026-12-29,1365.0,1360.0,234.05,44.6,278.65000000000003,20.413919413919416
2026-10-01,BLUESTARCO,NEAR,2026-11-23,1379.7,1380.0,193.65,31.9,225.55,16.34775675871566
2026-10-01,BOSCHLTD,CURRENT,2026-10-27,45455.0,45500.0,1174.3,1242.55,2416.85,5.317016829831702
2026-10-01,BOSCHLTD,FAR,2026-12-29,45360.0,45000.0,3703.7,2344.4,6048.1,13.333553791887129
2026-10-01,BOSCHLTD,NEAR,2026-11-23,45635.0,45500.0,2647.75,2043.65,4691.4,10.280267338665498
2026-10-01,BPCL,CURRENT,2026-10-27,302.4,300.0,9.35,7.0,16.35,5.4067460317460325
2026-10-01,BPCL,FAR,2026-12-29,306.2,310.0,18.05,24.15,42.2,13.781841933376878
2026-10-01,BPCL,NEAR,2026-11-23,302.7,305.0,14.8,17.75,32.55,10.753221010901882
2026-10-01,BRITANNIA,CURRENT,2026-10-27,4771.6,4750.0,112.6,89.7,202.3,4.239668035878951
2026-10-01,BRITANNIA,FAR,2026-12-29,4795.0,4800.0,285.85,180.55,466.4,9.72679874869656
2026-10-01,BRITANNIA,NEAR,2026-11-23,4791.4,4800.0,700.55,46.75,747.3,15.596694076887758
2026-10-01,BSE,CURRENT,2026-10-27,3058.5,3050.0,127.75,118.5,246.25,8.051332352460356
2026-10-01,BSE,FAR,2026-12-29,3092.8,3100.0,221.05,252.4,473.4500000000001,15.308135023279876
2026-10-01,BSE,NEAR,2026-11-23,3073.3,3050.0,346.2,169.1,515.3,16.766993134415774
2026-10-01,CAMS,CURRENT,2026-10-27,676.2,680.0,18.35,21.8,40.150000000000006,5.937592428275659
2026-10-01,CAMS,FAR,2026-12-29,679.0,680.0,48.45,52.5,100.95,14.867452135493371
2026-10-01,CAMS,NEAR,2026-11-23,679.0,680.0,103.1,23.05,126.15,18.578792341678938
2026-10-01,CANBK,CURRENT,2026-10-27,118.37,118.0,3.96,3.55,7.51,6.344512967812791
2026-10-01,CANBK,FAR,2026-12-29,120.12,120.0,9.01,7.75,16.759999999999998,13.95271395271395
2026-10-01,CANBK,NEAR,2026-11-23,119.02,119.0,7.31,5.74,13.05,10.964543774155604
2026-10-01,CDSL,CURRENT,2026-10-27,1250.0,1240.0,45.9,35.85,81.75,6.54
2026-10-01,CDSL,FAR,2026-12-29,1259.4,1240.0,122.0,81.95,203.95,16.194219469588692
2026-10-01,CDSL,NEAR,2026-11-23,1255.6,1260.0,59.0,50.0,109.0,8.681108633322715
2026-10-01,CGPOWER,CURRENT,2026-10-27,882.75,880.0,30.7,27.65,58.35,6.610025488530161
2026-10-01,CGPOWER,FAR,2026-12-29,887.3,880.0,67.85,76.9,144.75,16.313535444607236
2026-10-01,CGPOWER,NEAR,2026-11-23,886.75,890.0,45.5,69.55,115.05,12.974344516492812
2026-10-01,CHOLAFIN,CURRENT,2026-10-27,1579.9,1580.0,51.55,49.4,100.95,6.389644914235077
2026-10-01,CHOLAFIN,FAR,2026-12-29,1594.0,1600.0,153.15,102.4,255.55,16.031994981179423
2026-10-01,CHOLAFIN,NEAR,2026-11-23,1589.8,1580.0,131.55,71.0,202.55,12.740596301421563
2026-10-01,CIPLA,CURRENT,2026-10-27,1352.0,1350.0,33.1,31.3,64.4,4.763313609467456
2026-10-01,CIPLA,FAR,2026-12-29,1365.0,1360.0,89.75,50.55,140.3,10.27838827838828
2026-10-01,CIPLA,NEAR,2026-11-23,1355.0,1350.0,76.3,35.0,111.3,8.214022140221402
2026-10-01,COALINDIA,CURRENT,2026-10-27,423.65,425.0,8.95,10.25,19.2,4.532042959990559
2026-10-01,COALINDIA,FAR,2026-12-29,427.65,430.0,24.35,23.05,47.400000000000006,11.083830235005262
2026-10-01,COALINDIA,NEAR,2026-11-23,425.8,425.0,20.35,16.55,36.900000000000006,8.666040394551434
2026-10-01,COCHINSHIP,CURRENT,2026-10-27,1281.5,1280.0,42.85,39.15,82.0,6.3987514631291456
2026-10-01,COCHINSHIP,FAR,2026-12-29,1269.7,1280.0,185.8,87.75,273.55,21.54445932109947
2026-10-01,COCHINSHIP,NEAR,2026-11-23,1274.4,1280.0,302.65,45.15,347.79999999999995,27.291274325172623
2026-10-01,COFORGE,CURRENT,2026-10-27,1830.9,1840.0,74.7,82.75,157.45,8.599595827188814
2026-10-01,COFORGE,FAR,2026-12-29,1841.8,1840.0,121.05,212.1,333.15,18.0882832012162
2026-10-01,COFORGE,NEAR,2026-11-23,1836.0,1840.0,214.8,134.7,349.5,19.0359477124183
2026-10-01,COLPAL,CURRENT,2026-10-27,1746.1,1740.0,50.4,44.4,94.8,5.429242311436917
2026-10-01,COLPAL,FAR,2026-12-29,1742.0,1760.0,131.85,80.95,212.8,12.215843857634905
2026-10-01,COLPAL,NEAR,2026-11-23,1732.7,1740.0,114.85,54.3,169.14999999999998,9.762220811450335
2026-10-01,CONCOR,CURRENT,2026-10-27,444.5,445.0,13.35,13.25,26.6,5.984251968503938
2026-10-01,CONCOR,FAR,2026-12-29,446.7,450.0,30.75,30.65,61.4,13.74524289232147
2026-10-01,CONCOR,NEAR,2026-11-23,445.0,445.0,25.05,22.6,47.650000000000006,10.707865168539326
2026-10-01,CROMPTON,CURRENT,2026-10-27,203.68,202.5,7.52,6.59,14.11,6.927533385703064
2026-10-01,CROMPTON,FAR,2026-12-29,204.35,205.0,19.78,10.4,30.18,14.76877905554196
2026-10-01,CROMPTON,NEAR,2026-11-23,204.77,205.0,15.96,7.77,23.73,11.588611613029252
2026-10-01,CUMMINSIND,CURRENT,2026-10-27,4869.5,4850.0,134.7,107.95,242.65,4.983057808809939
2026-10-01,CUMMINSIND,FAR,2026-12-29,4890.0,4900.0,318.65,346.85,665.5,13.609406952965236
2026-10-01,CUMMINSIND,NEAR,2026-11-23,4893.4,4900.0,232.15,288.65,520.8,10.642906772387295
2026-10-01,DABUR,CURRENT,2026-10-27,376.75,375.0,10.4,8.35,18.75,4.97677504976775
2026-10-01,DABUR,FAR,2026-12-29,377.5,380.0,23.4,17.45,40.85,10.82119205298013
2026-10-01,DABUR,NEAR,2026-11-23,375.65,375.0,20.45,11.75,32.2,8.571808864634635
2026-10-01,DELHIVERY,CURRENT,2026-10-27,400.95,400.0,12.6,11.65,24.25,6.048135677765307
2026-10-01,DELHIVERY,FAR,2026-12-29,404.9,400.0,43.5,20.25,63.75,15.744628303284763
2026-10-01,DELHIVERY,NEAR,2026-11-23,403.8,405.0,32.75,16.75,49.5,12.25854383358098
2026-10-01,DIVISLAB,CURRENT,2026-10-27,9266.5,9300.0,227.1,261.65,488.75,5.274375438407166
2026-10-01,DIVISLAB,FAR,2026-12-29,9351.0,9400.0,646.65,477.95,1124.6,12.026521227676184
2026-10-01,DIVISLAB,NEAR,2026-11-23,9306.5,9300.0,378.25,334.65,712.9,7.660237468436039
2026-10-01,DIXON,CURRENT,2026-10-27,12757.0,12750.0,490.65,477.65,968.3,7.590342557027514
2026-10-01,DIXON,FAR,2026-12-29,12492.0,12500.0,1688.65,755.5,2444.15,19.56572206211976
2026-10-01,DIXON,NEAR,2026-11-23,12590.0,12500.0,3036.1,620.0,3656.1,29.03971405877681
2026-10-01,DLF,CURRENT,2026-10-27,662.35,660.0,21.0,18.8,39.8,6.008907677209933
2026-10-01,DLF,FAR,2026-12-29,664.8,660.0,49.7,47.0,96.7,14.545728038507823
2026-10-01,DLF,NEAR,2026-11-23,663.2,660.0,27.0,35.15,62.15,9.371230398069963
2026-10-01,DMART,CURRENT,2026-10-27,3838.8,3850.0,121.4,134.8,256.20000000000005,6.673960612691467
2026-10-01,DMART,FAR,2026-12-29,3860.0,3900.0,186.7,279.55,466.25,12.07901554404145
2026-10-01,DMART,NEAR,2026-11-23,3841.8,3850.0,147.4,213.2,360.6,9.386225206934249
2026-10-01,DRREDDY,CURRENT,2026-10-27,1210.7,1210.0,33.4,32.65,66.05,5.455521599074915
2026-10-01,DRREDDY,FAR,2026-12-29,1205.0,1200.0,107.25,37.75,145.0,12.033195020746888
2026-10-01,DRREDDY,NEAR,2026-11-23,1209.0,1210.0,82.85,30.2,113.05,9.35070306038048
2026-10-01,EICHERMOT,CURRENT,2026-10-27,6967.5,7000.0,137.55,168.4,305.95000000000005,4.391101542877647
2026-10-01,EICHERMOT,FAR,2026-12-29,7056.0,7000.0,585.05,303.5,888.55,12.59282879818594
2026-10-01,EICHERMOT,NEAR,2026-11-23,7000.0,7000.0,224.9,99.95,324.85,4.640714285714286
2026-10-01,ENRIN,CURRENT,2026-10-27,3353.1,3350.0,145.2,227.5,372.7,11.115087530941516
2026-10-01,ENRIN,FAR,2026-12-29,3346.6,3300.0,170.0,293.65,463.65,13.854359648598576
2026-10-01,ENRIN,NEAR,2026-11-23,3342.4,3350.0,154.45,275.7,430.15,12.869494973671614
2026-10-01,ETERNAL,CURRENT,2026-10-27,314.15,315.0,10.75,11.5,22.25,7.082603851663219
2026-10-01,ETERNAL,FAR,2026-12-29,317.3,320.0,32.9,20.35,53.25,16.782225023636936
2026-10-01,ETERNAL,NEAR,2026-11-23,315.65,315.0,29.0,13.35,42.35,13.416759068588629
2026-10-01,FEDERALBNK,CURRENT,2026-10-27,320.4,320.0,9.55,9.25,18.8,5.867665418227216
2026-10-01,FEDERALBNK,FAR,2026-12-29,323.1,320.0,21.7,16.8,38.5,11.915815536985452
2026-10-01,FEDERALBNK,NEAR,2026-11-23,322.15,320.0,12.3,11.4,23.700000000000003,7.356821356510943
2026-10-01,FORCEMOT,CURRENT,2026-10-27,16723.0,16750.0,1175.85,615.0,1790.85,10.708903904801767
2026-10-01,FORCEMOT,FAR,2026-12-29,16726.0,16500.0,2217.2,1570.45,3787.65,22.645282793256005
2026-10-01,FORCEMOT,NEAR,2026-11-23,16696.0,16750.0,1632.6,1328.85,2961.45,17.737482031624342
2026-10-01,FORTIS,CURRENT,2026-10-27,786.2,790.0,21.85,25.45,47.3,6.016280844568811
2026-10-01,FORTIS,FAR,2026-12-29,789.3,780.0,81.9,28.5,110.4,13.987077156974536
2026-10-01,FORTIS,NEAR,2026-11-23,787.4,790.0,62.4,23.35,85.75,10.890271780543562
2026-10-01,GAIL,CURRENT,2026-10-27,171.33,172.5,3.28,4.34,7.619999999999999,4.447557345473647
2026-10-01,GAIL,FAR,2026-12-29,171.67,170.0,12.06,9.53,21.59,12.576454826119882
2026-10-01,GAIL,NEAR,2026-11-23,172.34,172.5,7.99,8.92,16.91,9.811999535801323
2026-10-01,GLENMARK,CURRENT,2026-10-27,2337.1,2340.0,63.1,67.3,130.4,5.579564417440419
2026-10-01,GLENMARK,FAR,2026-12-29,2415.2,2400.0,207.3,130.65,337.95000000000005,13.992630009937068
2026-10-01,GLENMARK,NEAR,2026-11-23,2344.6,2340.0,198.35,76.05,274.4,11.70348886803719
2026-10-01,GMRAIRPORT,CURRENT,2026-10-27,93.21,93.0,2.77,2.5,5.27,5.653899796159211
2026-10-01,GMRAIRPORT,FAR,2026-12-29,94.1,94.0,7.58,6.45,14.03,14.909670563230607
2026-10-01,GMRAIRPORT,NEAR,2026-11-23,93.66,94.0,4.0,3.56,7.56,8.071748878923767
2026-10-01,GODFRYPHLP,CURRENT,2026-10-27,1855.4,1860.0,64.45,117.0,181.45,9.779562358521073
2026-10-01,GODFRYPHLP,FAR,2026-12-29,1852.4,1840.0,242.7,193.7,436.4,23.55862664651263
2026-10-01,GODFRYPHLP,NEAR,2026-11-23,1854.9,1860.0,180.05,161.5,341.55,18.41339155749636
2026-10-01,GODREJCP,CURRENT,2026-10-27,845.85,850.0,20.4,24.5,44.9,5.308269787787433
2026-10-01,GODREJCP,FAR,2026-12-29,852.05,860.0,59.0,51.4,110.4,12.956986092365472
2026-10-01,GODREJCP,NEAR,2026-11-23,846.45,850.0,49.35,36.8,86.15,10.17780140587158
2026-10-01,GODREJPROP,CURRENT,2026-10-27,1607.0,1600.0,61.65,53.7,115.35,7.177971375233354
2026-10-01,GODREJPROP,FAR,2026-12-29,1627.6,1640.0,150.6,132.2,282.79999999999995,17.37527648070779
2026-10-01,GODREJPROP,NEAR,2026-11-23,1615.0,1620.0,124.5,95.75,220.25,13.637770897832818
2026-10-01,GRASIM,CURRENT,2026-10-27,2979.9,2980.0,62.65,64.35,127.0,4.261887982818215
2026-10-01,GRASIM,FAR,2026-12-29,3011.8,3000.0,247.55,103.6,351.15,11.659140713194766
2026-10-01,GRASIM,NEAR,2026-11-23,2991.2,3000.0,99.0,54.15,153.15,5.120018721583311
2026-10-01,GVT&D,CURRENT,2026-10-27,4274.3,4300.0,128.65,153.95,282.6,6.61160891841939
2026-10-01,GVT&D,FAR,2026-12-29,4320.0,4400.0,357.05,562.3,919.35,21.28125
2026-10-01,GVT&D,NEAR,2026-11-23,4275.2,4300.0,287.2,418.7,705.9,16.511508233532936
2026-10-01,HAL,CURRENT,2026-10-27,4629.8,4650.0,111.0,129.0,240.0,5.183809235820122
2026-10-01,HAL,FAR,2026-12-29,4671.2,4700.0,285.15,367.0,652.15,13.961080664497349
2026-10-01,HAL,NEAR,2026-11-23,4655.9,4650.0,223.2,282.6,505.8,10.863635387357975
2026-10-01,HAVELLS,CURRENT,2026-10-27,1045.0,1040.0,34.15,29.25,63.4,6.066985645933015
2026-10-01,HAVELLS,FAR,2026-12-29,1045.2,1040.0,70.55,52.05,122.6,11.729812476081133
2026-10-01,HAVELLS,NEAR,2026-11-23,1042.7,1040.0,114.0,52.55,166.55,15.97295482880982
2026-10-01,HCLTECH,CURRENT,2026-10-27,1242.6,1240.0,48.2,45.3,93.5,7.524545308224691
2026-10-01,HCLTECH,FAR,2026-12-29,1245.0,1240.0,84.0,83.85,167.85,13.481927710843372
2026-10-01,HCLTECH,NEAR,2026-11-23,1246.6,1240.0,141.8,54.35,196.15,15.73479865233435
2026-10-01,HDFCAMC,CURRENT,2026-10-27,2320.0,2320.0,69.7,143.85,213.55,9.204741379310343
2026-10-01,HDFCAMC,FAR,2026-12-29,2345.0,2360.0,124.65,226.75,351.4,14.985074626865671
2026-10-01,HDFCAMC,NEAR,2026-11-23,2329.1,2320.0,97.6,173.65,271.25,11.646129406208408
2026-10-01,HDFCBANK,CURRENT,2026-10-27,723.0,720.0,20.3,17.3,37.6,5.200553250345782
2026-10-01,HDFCBANK,FAR,2026-12-29,731.2,740.0,25.95,40.2,66.15,9.046772428884028
2026-10-01,HDFCBANK,NEAR,2026-11-23,726.6,730.0,25.0,29.05,54.05,7.438755849160472
2026-10-01,HDFCLIFE,CURRENT,2026-10-27,537.5,535.0,16.65,14.4,31.05,5.776744186046511
2026-10-01,HDFCLIFE,FAR,2026-12-29,542.7,540.0,27.2,35.75,62.95,11.599410355629262
2026-10-01,HDFCLIFE,NEAR,2026-11-23,539.7,540.0,37.35,22.6,59.95,11.108022975727255
2026-10-01,HEROMOTOCO,CURRENT,2026-10-27,5207.0,5200.0,159.8,150.7,310.5,5.963126560399462
2026-10-01,HEROMOTOCO,FAR,2026-12-29,5249.5,5200.0,369.5,285.3,654.8,12.473568911324886
2026-10-01,HEROMOTOCO,NEAR,2026-11-23,5228.0,5250.0,257.55,252.95,510.5,9.764728385615914
2026-10-01,HINDALCO,CURRENT,2026-10-27,942.3,940.0,26.25,23.9,50.15,5.322084261912343
2026-10-01,HINDALCO,FAR,2026-12-29,951.1,960.0,70.3,61.05,131.35,13.810324886972976
2026-10-01,HINDALCO,NEAR,2026-11-23,947.25,950.0,58.0,44.35,102.35,10.804961731327529
2026-10-01,HINDPETRO,CURRENT,2026-10-27,347.4,345.0,11.65,9.05,20.700000000000003,5.958549222797928
2026-10-01,HINDPETRO,FAR,2026-12-29,348.4,350.0,30.45,26.15,56.6,16.24569460390356
2026-10-01,HINDPETRO,NEAR,2026-11-23,348.0,350.0,23.2,14.7,37.9,10.89080459770115
2026-10-01,HINDUNILVR,CURRENT,2026-10-27,1847.5,1840.0,45.65,38.65,84.3,4.562922868741542
2026-10-01,HINDUNILVR,FAR,2026-12-29,1850.0,1840.0,121.6,70.85,192.45,10.402702702702705
2026-10-01,HINDUNILVR,NEAR,2026-11-23,1837.8,1840.0,55.55,56.0,111.55,6.0697573185330285
2026-10-01,HINDZINC,CURRENT,2026-10-27,558.15,560.0,19.25,21.05,40.3,7.220281286392546
2026-10-01,HINDZINC,FAR,2026-12-29,562.2,560.0,57.35,45.85,103.2,18.356456776947702
2026-10-01,HINDZINC,NEAR,2026-11-23,561.1,560.0,75.8,20.5,96.3,17.162716093387985
2026-10-01,HYUNDAI,CURRENT,2026-10-27,2033.4,2040.0,59.5,64.85,124.35,6.11537326645028
2026-10-01,HYUNDAI,FAR,2026-12-29,2017.0,2000.0,208.95,79.65,288.6,14.308378780366882
2026-10-01,HYUNDAI,NEAR,2026-11-23,2015.3,2020.0,161.6,63.65,225.25,11.176995980747284
2026-10-01,ICICIBANK,CURRENT,2026-10-27,1318.8,1320.0,28.95,30.0,58.95,4.469972702456779
2026-10-01,ICICIBANK,FAR,2026-12-29,1335.7,1340.0,45.9,74.05,119.95,8.980309949839034
2026-10-01,ICICIBANK,NEAR,2026-11-23,1325.2,1330.0,43.9,59.95,103.85,7.836552973136129
2026-10-01,ICICIGI,CURRENT,2026-10-27,1568.8,1560.0,52.4,42.05,94.45,6.020525242223354
2026-10-01,ICICIGI,FAR,2026-12-29,1573.0,1560.0,83.6,105.75,189.35,12.037507946598854
2026-10-01,ICICIGI,NEAR,2026-11-23,1574.1,1580.0,51.3,102.25,153.55,9.754780509497492
2026-10-01,ICICIPRULI,CURRENT,2026-10-27,447.6,450.0,14.7,16.65,31.35,7.004021447721179
2026-10-01,ICICIPRULI,FAR,2026-12-29,443.0,440.0,34.25,23.3,57.55,12.99097065462754
2026-10-01,ICICIPRULI,NEAR,2026-11-23,444.0,445.0,24.1,20.6,44.7,10.067567567567568
2026-10-01,IDEA,CURRENT,2026-10-27,12.7,13.0,0.44,0.69,1.13,8.897637795275589
2026-10-01,IDEA,FAR,2026-12-29,12.83,12.0,2.46,0.72,3.18,24.78565861262665
2026-10-01,IDEA,NEAR,2026-11-23,12.77,13.0,0.72,0.91,1.63,12.764291307752544
2026-10-01,IDFCFIRSTB,CURRENT,2026-10-27,80.92,81.0,2.48,2.55,5.029999999999999,6.216015818091942
2026-10-01,IDFCFIRSTB,FAR,2026-12-29,81.0,80.0,6.07,5.43,11.5,14.19753086419753
2026-10-01,IDFCFIRSTB,NEAR,2026-11-23,81.29,81.0,4.11,4.93,9.04,11.12067905031369
2026-10-01,IEX,CURRENT,2026-10-27,106.35,106.0,5.63,3.42,9.05,8.50963798777621
2026-10-01,IEX,NEAR,2026-11-23,106.83,107.0,7.45,7.11,14.56,13.62913039408406
2026-10-01,INDHOTEL,CURRENT,2026-10-27,721.45,720.0,18.75,17.3,36.05,4.996881280754036
2026-10-01,INDHOTEL,FAR,2026-12-29,729.0,720.0,47.55,42.65,90.2,12.373113854595337
2026-10-01,INDHOTEL,NEAR,2026-11-23,724.7,720.0,26.4,36.15,62.55,8.631157720436041
2026-10-01,INDIANB,CURRENT,2026-10-27,798.9,800.0,26.8,27.0,53.8,6.7342596069595695
2026-10-01,INDIANB,FAR,2026-12-29,801.0,800.0,63.5,56.55,120.05,14.987515605493131
2026-10-01,INDIANB,NEAR,2026-11-23,802.65,800.0,59.95,29.9,89.85,11.194169314146889
2026-10-01,INDIGO,CURRENT,2026-10-27,4946.2,4950.0,149.3,150.6,299.9,6.063240467429542
2026-10-01,INDIGO,FAR,2026-12-29,4986.6,5000.0,300.0,401.6,701.6,14.069706814262222
2026-10-01,INDIGO,NEAR,2026-11-23,4965.5,4950.0,273.3,241.0,514.3,10.357466518980967
2026-10-01,INDUSINDBK,CURRENT,2026-10-27,893.1,890.0,29.5,26.05,55.55,6.219908184973686
2026-10-01,INDUSINDBK,FAR,2026-12-29,901.15,900.0,65.0,73.8,138.8,15.402541197358932
2026-10-01,INDUSINDBK,NEAR,2026-11-23,897.75,900.0,35.1,28.2,63.3,7.050960735171261
2026-10-01,INDUSTOWER,CURRENT,2026-10-27,376.1,375.0,10.6,9.7,20.3,5.39750066471683
2026-10-01,INDUSTOWER,FAR,2026-12-29,383.95,380.0,22.1,29.0,51.1,13.309024612579764
2026-10-01,INDUSTOWER,NEAR,2026-11-23,377.3,375.0,17.7,21.85,39.55,10.482374768089054
2026-10-01,INFY,CURRENT,2026-10-27,1038.2,1040.0,39.8,42.15,81.94999999999999,7.893469466384125
2026-10-01,INFY,FAR,2026-12-29,1044.9,1040.0,66.8,76.15,142.95,13.680734998564454
2026-10-01,INFY,NEAR,2026-11-23,1040.25,1040.0,53.65,51.4,105.05,10.098534006248498
2026-10-01,INOXWIND,CURRENT,2026-10-27,69.12,69.0,5.5,2.7,8.2,11.863425925925924
2026-10-01,INOXWIND,FAR,2026-12-29,69.5,70.0,8.43,5.9,14.33,20.618705035971225
2026-10-01,INOXWIND,NEAR,2026-11-23,69.54,70.0,3.1,3.5,6.6,9.490940465918897
2026-10-01,IOC,CURRENT,2026-10-27,132.1,132.0,4.55,3.37,7.92,5.995457986373959
2026-10-01,IOC,FAR,2026-12-29,133.34,134.0,7.93,8.64,16.57,12.426878656067196
2026-10-01,IOC,NEAR,2026-11-23,132.38,132.0,6.66,6.16,12.82,9.684242332678652
2026-10-01,IREDA,CURRENT,2026-10-27,106.79,107.0,7.55,3.89,11.44,10.712613540593688
2026-10-01,IREDA,NEAR,2026-11-23,103.83,104.0,11.55,3.62,15.170000000000002,14.610420880285083
2026-10-01,IRFC,CURRENT,2026-10-27,75.98,76.0,2.5,2.52,5.02,6.607001842590154
2026-10-01,IRFC,FAR,2026-12-29,74.74,74.0,10.11,2.77,12.88,17.233074658817234
2026-10-01,IRFC,NEAR,2026-11-23,74.8,75.0,8.05,2.13,10.18,13.6096256684492
2026-10-01,ITC,CURRENT,2026-10-27,257.7,257.5,5.45,5.4,10.85,4.210322079937913
2026-10-01,ITC,FAR,2026-12-29,260.45,260.0,17.35,8.4,25.75,9.886734497984255
2026-10-01,ITC,NEAR,2026-11-23,258.85,260.0,7.1,8.0,15.1,5.833494301719141
2026-10-01,JINDALSTEL,CURRENT,2026-10-27,1101.3,1100.0,32.15,30.8,62.95,5.715972033051848
2026-10-01,JINDALSTEL,FAR,2026-12-29,1111.0,1120.0,89.65,63.25,152.9,13.762376237623764
2026-10-01,JINDALSTEL,NEAR,2026-11-23,1106.8,1100.0,48.0,46.65,94.65,8.551680520419227
2026-10-01,JIOFIN,CURRENT,2026-10-27,212.7,212.5,6.83,6.55,13.38,6.290550070521863
2026-10-01,JIOFIN,FAR,2026-12-29,215.14,215.0,17.89,12.18,30.07,13.976945244956774
2026-10-01,JIOFIN,NEAR,2026-11-23,213.83,215.0,8.8,10.57,19.37,9.05859795164383
2026-10-01,JSWENERGY,CURRENT,2026-10-27,488.2,490.0,14.6,16.05,30.65,6.2781646866038505
2026-10-01,JSWENERGY,FAR,2026-12-29,492.05,500.0,43.25,34.75,78.0,15.852047556142669
2026-10-01,JSWENERGY,NEAR,2026-11-23,489.4,490.0,38.4,22.9,61.3,12.525541479362484
2026-10-01,JSWSTEEL,CURRENT,2026-10-27,1236.6,1240.0,30.35,34.5,64.85,5.2442180171437816
2026-10-01,JSWSTEEL,FAR,2026-12-29,1236.6,1240.0,99.25,48.7,147.95,11.964256833252469
2026-10-01,JSWSTEEL,NEAR,2026-11-23,1245.0,1240.0,132.4,33.65,166.05,13.337349397590362
2026-10-01,JUBLFOOD,CURRENT,2026-10-27,440.75,440.0,15.6,14.45,30.05,6.81792399319342
2026-10-01,JUBLFOOD,FAR,2026-12-29,433.5,440.0,51.25,21.8,73.05,16.85121107266436
2026-10-01,JUBLFOOD,NEAR,2026-11-23,437.05,440.0,91.05,9.55,100.6,23.01796133165541
2026-10-01,KALYANKJIL,CURRENT,2026-10-27,529.4,530.0,24.55,24.9,49.45,9.340763128069511
2026-10-01,KALYANKJIL,FAR,2026-12-29,534.0,540.0,82.0,45.25,127.25,23.829588014981272
2026-10-01,KALYANKJIL,NEAR,2026-11-23,531.75,530.0,72.8,29.25,102.05,19.19134931828867
2026-10-01,KAYNES,CURRENT,2026-10-27,3355.3,3350.0,771.15,158.65,929.8,27.71138199266831
2026-10-01,KAYNES,FAR,2026-12-29,3276.9,3300.0,565.3,305.45,870.75,26.57237022795936
2026-10-01,KAYNES,NEAR,2026-11-23,3299.8,3300.0,875.65,129.35,1005.0,30.45639129644221
2026-10-01,KEI,CURRENT,2026-10-27,4509.8,4500.0,151.9,144.9,296.8,6.581223114107056
2026-10-01,KEI,FAR,2026-12-29,4520.0,4600.0,374.8,446.45,821.25,18.169247787610622
2026-10-01,KEI,NEAR,2026-11-23,4496.2,4500.0,316.65,315.7,632.3499999999999,14.064098572127572
2026-10-01,KFINTECH,CURRENT,2026-10-27,822.15,820.0,31.1,28.0,59.1,7.188469257434775
2026-10-01,KFINTECH,FAR,2026-12-29,801.0,800.0,99.9,50.0,149.9,18.71410736579276
2026-10-01,KFINTECH,NEAR,2026-11-23,810.1,820.0,70.7,45.2,115.9,14.306875694358723
2026-10-01,KOTAKBANK,CURRENT,2026-10-27,421.65,420.0,10.9,9.55,20.450000000000003,4.849994070911895
2026-10-01,KOTAKBANK,FAR,2026-12-29,426.95,430.0,14.0,16.7,30.7,7.190537533669048
2026-10-01,KOTAKBANK,NEAR,2026-11-23,423.85,425.0,18.05,25.55,43.6,10.28665801580748
2026-10-01,KPITTECH,CURRENT,2026-10-27,494.9,490.0,23.05,18.15,41.2,8.324914124065469
2026-10-01,KPITTECH,FAR,2026-12-29,498.4,500.0,63.5,36.5,100.0,20.064205457463885
2026-10-01,KPITTECH,NEAR,2026-11-23,497.3,500.0,117.15,33.0,150.15,30.193042429117234
2026-10-01,LAURUSLABS,CURRENT,2026-10-27,1987.8,1980.0,71.95,64.15,136.10000000000002,6.846765268135628
2026-10-01,LAURUSLABS,FAR,2026-12-29,2007.0,2000.0,148.25,139.95,288.2,14.359740906826108
2026-10-01,LAURUSLABS,NEAR,2026-11-23,1997.3,2000.0,88.0,105.05,193.05,9.665548490462124
2026-10-01,LICHSGFIN,CURRENT,2026-10-27,512.0,510.0,17.65,15.65,33.3,6.503906249999999
2026-10-01,LICHSGFIN,FAR,2026-12-29,517.3,520.0,55.6,19.5,75.1,14.517687995360523
2026-10-01,LICHSGFIN,NEAR,2026-11-23,514.05,515.0,50.1,12.0,62.1,12.08053691275168
2026-10-01,LICI,CURRENT,2026-10-27,392.4,390.0,10.8,8.45,19.25,4.905708460754333
2026-10-01,LICI,FAR,2026-12-29,393.5,390.0,27.75,22.05,49.8,12.655654383735705
2026-10-01,LICI,NEAR,2026-11-23,394.55,395.0,18.75,20.25,39.0,9.884678747940692
2026-10-01,LODHA,CURRENT,2026-10-27,1113.2,1120.0,39.0,45.55,84.55,7.595220984549048
2026-10-01,LODHA,FAR,2026-12-29,1107.5,1120.0,106.3,103.3,209.6,18.9255079006772
2026-10-01,LODHA,NEAR,2026-11-23,1110.5,1120.0,222.7,44.95,267.65,24.101755965781177
2026-10-01,LT,CURRENT,2026-10-27,3714.5,3700.0,92.5,77.5,170.0,4.576659038901601
2026-10-01,LT,FAR,2026-12-29,3758.6,3800.0,224.15,219.4,443.55,11.800936518916618
2026-10-01,LT,NEAR,2026-11-23,3733.0,3750.0,188.55,156.15,344.70000000000005,9.23386016608626
2026-10-01,LTF,CURRENT,2026-10-27,265.15,265.0,10.4,10.0,20.4,7.693758250047143
2026-10-01,LTF,FAR,2026-12-29,264.65,260.0,30.5,15.6,46.1,17.419232949178163
2026-10-01,LTF,NEAR,2026-11-23,264.6,265.0,22.05,13.65,35.7,13.492063492063492
2026-10-01,LTM,CURRENT,2026-10-27,3999.5,4000.0,159.35,159.1,318.45,7.962245280660082
2026-10-01,LTM,FAR,2026-12-29,3885.0,3800.0,403.2,211.55,614.75,15.823680823680824
2026-10-01,LTM,NEAR,2026-11-23,3920.9,3900.0,218.5,186.0,404.5,10.316508964778494
2026-10-01,LUPIN,CURRENT,2026-10-27,2031.8,2040.0,41.3,49.9,91.2,4.488630770745152
2026-10-01,LUPIN,FAR,2026-12-29,2044.9,2040.0,129.75,87.75,217.5,10.636216929923222
2026-10-01,LUPIN,NEAR,2026-11-23,2044.0,2040.0,214.55,48.75,263.3,12.881604696673191
2026-10-01,M&M,CURRENT,2026-10-27,2858.6,2850.0,77.3,68.55,145.85,5.10214790456867
2026-10-01,M&M,FAR,2026-12-29,2890.7,2900.0,238.5,148.25,386.75,13.379112325734251
2026-10-01,M&M,NEAR,2026-11-23,2874.3,2850.0,216.6,93.5,310.1,10.788713773788402
2026-10-01,MAHABANK,CURRENT,2026-10-27,80.99,81.0,3.09,3.15,6.24,7.704654895666133
2026-10-01,MAHABANK,FAR,2026-12-29,81.31,82.0,6.09,7.73,13.82,16.9966793752306
2026-10-01,MAHABANK,NEAR,2026-11-23,81.37,81.0,4.79,5.91,10.7,13.149809512105197
2026-10-01,MANAPPURAM,CURRENT,2026-10-27,308.9,310.0,9.1,9.9,19.0,6.150857882809971
2026-10-01,MANAPPURAM,FAR,2026-12-29,308.0,310.0,32.1,21.15,53.25,17.28896103896104
2026-10-01,MANAPPURAM,NEAR,2026-11-23,310.4,310.0,69.25,7.2,76.45,24.62951030927836
2026-10-01,MANKIND,CURRENT,2026-10-27,2514.3,2520.0,67.25,73.6,140.85,5.601956807063595
2026-10-01,MANKIND,FAR,2026-12-29,2504.0,2520.0,199.65,137.7,337.35,13.47244408945687
2026-10-01,MANKIND,NEAR,2026-11-23,2514.1,2520.0,104.3,116.4,220.7,8.77848932023388
2026-10-01,MARICO,CURRENT,2026-10-27,783.0,780.0,19.8,17.5,37.3,4.763729246487867
2026-10-01,MARICO,FAR,2026-12-29,784.85,780.0,47.15,28.6,75.75,9.651525769255272
2026-10-01,MARICO,NEAR,2026-11-23,787.0,790.0,31.3,27.1,58.400000000000006,7.420584498094028
2026-10-01,MARUTI,CURRENT,2026-10-27,11415.0,11400.0,309.35,291.9,601.25,5.2671922908453785
2026-10-01,MARUTI,FAR,2026-12-29,11556.0,11600.0,892.3,445.35,1337.65,11.575372101073036
2026-10-01,MARUTI,NEAR,2026-11-23,11479.0,11500.0,420.05,425.95,846.0,7.3699799634114465
2026-10-01,MAXHEALTH,CURRENT,2026-10-27,940.65,940.0,29.55,29.2,58.75,6.245681177908892
2026-10-01,MAXHEALTH,FAR,2026-12-29,940.6,940.0,97.4,41.55,138.95,14.772485647459066
2026-10-01,MAXHEALTH,NEAR,2026-11-23,939.05,940.0,121.4,31.4,152.8,16.271764016825518
2026-10-01,MAZDOCK,CURRENT,2026-10-27,2065.2,2060.0,73.6,67.85,141.45,6.849215572341662
2026-10-01,MAZDOCK,FAR,2026-12-29,2063.2,2080.0,212.8,175.2,388.0,18.805738658394727
2026-10-01,MAZDOCK,NEAR,2026-11-23,2060.5,2060.0,174.0,128.6,302.6,14.685755884494055
2026-10-01,MCX,CURRENT,2026-10-27,3218.3,3200.0,139.35,119.45,258.8,8.04151259981978
2026-10-01,MCX,FAR,2026-12-29,3245.9,3200.0,340.2,200.0,540.2,16.64253365784528
2026-10-01,MCX,NEAR,2026-11-23,3235.9,3250.0,240.7,229.85,470.55,14.541549491640652
2026-10-01,MFSL,CURRENT,2026-10-27,1391.6,1400.0,39.5,47.2,86.7,6.230238574302962
2026-10-01,MFSL,FAR,2026-12-29,1395.6,1400.0,105.3,92.4,197.7,14.165950128976784
2026-10-01,MFSL,NEAR,2026-11-23,1396.1,1400.0,79.55,46.0,125.55,8.992908817419956
2026-10-01,MOTHERSON,CURRENT,2026-10-27,158.23,157.5,5.15,4.47,9.62,6.079757315300513
2026-10-01,MOTHERSON,FAR,2026-12-29,160.04,160.0,13.33,12.42,25.75,16.08972756810797
2026-10-01,MOTHERSON,NEAR,2026-11-23,158.94,160.0,7.8,7.84,15.64,9.840191267144837
2026-10-01,MOTILALOFS,CURRENT,2026-10-27,996.15,1000.0,34.3,38.4,72.69999999999999,7.298097676052802
2026-10-01,MOTILALOFS,FAR,2026-12-29,1000.0,1000.0,102.6,91.75,194.35,19.435
2026-10-01,MOTILALOFS,NEAR,2026-11-23,1000.05,1000.0,114.1,87.75,201.85,20.183990800459977
2026-10-01,MPHASIS,CURRENT,2026-10-27,2265.2,2250.0,92.3,78.4,170.7,7.535758431926541
2026-10-01,MPHASIS,FAR,2026-12-29,2208.5,2200.0,150.6,163.95,314.54999999999995,14.242698664251751
2026-10-01,MPHASIS,NEAR,2026-11-23,2275.8,2300.0,267.75,101.65,369.4,16.23165480270674
2026-10-01,MUTHOOTFIN,CURRENT,2026-10-27,2703.8,2700.0,89.1,86.4,175.5,6.490864708928175
2026-10-01,MUTHOOTFIN,FAR,2026-12-29,2727.0,2700.0,269.35,193.0,462.35,16.954528786211956
2026-10-01,MUTHOOTFIN,NEAR,2026-11-23,2718.9,2700.0,610.0,99.0,709.0,26.076722203832432
2026-10-01,NAM-INDIA,CURRENT,2026-10-27,1048.0,1040.0,39.5,31.85,71.35,6.808206106870228
2026-10-01,NAM-INDIA,FAR,2026-12-29,1036.8,1040.0,119.15,75.9,195.05,18.81269290123457
2026-10-01,NAM-INDIA,NEAR,2026-11-23,1038.1,1040.0,233.4,33.55,266.95,25.715249012619207
2026-10-01,NATIONALUM,CURRENT,2026-10-27,334.25,335.0,12.3,12.75,25.05,7.494390426327599
2026-10-01,NATIONALUM,FAR,2026-12-29,335.9,340.0,40.05,28.4,68.44999999999999,20.378088716880026
2026-10-01,NATIONALUM,NEAR,2026-11-23,334.75,335.0,34.25,19.6,53.85,16.086631814787154
2026-10-01,NAUKRI,CURRENT,2026-10-27,1203.7,1200.0,43.15,38.7,81.85,6.799867076514081
2026-10-01,NAUKRI,FAR,2026-12-29,1210.0,1200.0,127.7,65.1,192.8,15.93388429752066
2026-10-01,NAUKRI,NEAR,2026-11-23,1204.8,1200.0,202.95,35.15,238.1,19.762616201859228
2026-10-01,NBCC,CURRENT,2026-10-27,77.84,78.0,2.5,2.53,5.029999999999999,6.46197327852004
2026-10-01,NBCC,FAR,2026-12-29,78.47,78.0,7.47,6.32,13.79,17.5735950044603
2026-10-01,NBCC,NEAR,2026-11-23,78.15,78.0,5.73,5.02,10.75,13.755598208573256
2026-10-01,NESTLEIND,CURRENT,2026-10-27,1314.1,1310.0,36.5,31.65,68.15,5.186058899627122
2026-10-01,NESTLEIND,FAR,2026-12-29,1322.5,1320.0,90.8,45.8,136.6,10.3289224952741
2026-10-01,NESTLEIND,NEAR,2026-11-23,1322.8,1320.0,191.4,12.75,204.15,15.43317205926822
2026-10-01,NHPC,CURRENT,2026-10-27,72.22,72.0,1.95,1.68,3.63,5.026308501800055
2026-10-01,NHPC,FAR,2026-12-29,72.15,72.0,5.83,3.46,9.29,12.875952875952873
2026-10-01,NHPC,NEAR,2026-11-23,72.07,72.0,8.15,1.5,9.65,13.389759955598729
2026-10-01,NIFTY,CURRENT,2026-10-27,22530.3,22550.0,318.85,326.5,645.35,2.864364877520495
2026-10-01,NIFTY,FAR,2026-12-29,22779.3,22800.0,554.1,568.0,1122.1,4.925963484391531
2026-10-01,NIFTY,NEAR,2026-11-23,22638.0,22650.0,447.8,450.05,897.85,3.966118915098507
2026-10-01,NIFTYFPI,CURRENT,2026-10-27,1480.0,1480.0,137.55,8.8,146.35000000000002,9.888513513513516
2026-10-01,NIFTYFPI,FAR,2026-12-29,1495.45,1495.0,48.5,48.1,96.6,6.459594102109732
2026-10-01,NIFTYFPI,NEAR,2026-11-23,1425.2,1425.0,184.0,4.2,188.2,13.205164187482458
2026-10-01,NMDC,CURRENT,2026-10-27,74.14,74.0,2.3,2.33,4.63,6.24494200161856
2026-10-01,NMDC,FAR,2026-12-29,74.81,74.0,7.55,3.46,11.01,14.71728378559016
2026-10-01,NMDC,NEAR,2026-11-23,74.49,74.0,14.35,1.31,15.66,21.02295610149013
2026-10-01,NTPC,CURRENT,2026-10-27,317.0,317.5,6.4,6.65,13.05,4.116719242902208
2026-10-01,NTPC,FAR,2026-12-29,318.6,320.0,20.2,12.0,32.2,10.106716886377905
2026-10-01,NTPC,NEAR,2026-11-23,316.65,317.5,10.0,8.35,18.35,5.795041844307596
2026-10-01,NYKAA,CURRENT,2026-10-27,324.9,325.0,9.85,10.05,19.9,6.124961526623577
2026-10-01,NYKAA,FAR,2026-12-29,325.4,330.0,23.4,21.2,44.6,13.706207744314687
2026-10-01,NYKAA,NEAR,2026-11-23,326.55,325.0,20.0,14.75,34.75,10.641555657632829
2026-10-01,OBEROIRLTY,CURRENT,2026-10-27,1764.6,1760.0,61.95,55.55,117.5,6.658732857304772
2026-10-01,OBEROIRLTY,FAR,2026-12-29,1776.4,1760.0,138.55,109.85,248.4,13.983337086241836
2026-10-01,OBEROIRLTY,NEAR,2026-11-23,1771.0,1780.0,96.4,97.65,194.05,10.957086391869002
2026-10-01,OFSS,CURRENT,2026-10-27,10442.0,10400.0,471.05,412.85,883.9000000000001,8.464853476345528
2026-10-01,OFSS,FAR,2026-12-29,10288.0,10500.0,880.9,821.1,1702.0,16.543545878693624
2026-10-01,OFSS,NEAR,2026-11-23,10333.0,10250.0,786.75,539.7,1326.45,12.837027000870997
2026-10-01,OIL,CURRENT,2026-10-27,443.6,445.0,12.45,13.05,25.5,5.748422001803426
2026-10-01,OIL,FAR,2026-12-29,445.45,450.0,44.3,28.3,72.6,16.29812549107644
2026-10-01,OIL,NEAR,2026-11-23,442.65,445.0,37.9,19.5,57.4,12.96735569863323
2026-10-01,ONGC,CURRENT,2026-10-27,223.78,225.0,4.6,5.66,10.26,4.584860130485298
2026-10-01,ONGC,FAR,2026-12-29,226.17,225.0,17.67,9.37,27.04,11.955608612990227
2026-10-01,ONGC,NEAR,2026-11-23,224.74,225.0,7.82,8.02,15.84,7.048144522559402
2026-10-01,PAGEIND,CURRENT,2026-10-27,36800.0,37000.0,925.9,1028.05,1953.95,5.309646739130434
2026-10-01,PAGEIND,FAR,2026-12-29,37065.0,37000.0,2257.85,2135.75,4393.6,11.853770403345475
2026-10-01,PAGEIND,NEAR,2026-11-23,36850.0,37000.0,1708.3,2658.6,4366.9,11.85047489823609
2026-10-01,PATANJALI,CURRENT,2026-10-27,354.4,355.0,58.2,14.6,72.8,20.54176072234763
2026-10-01,PATANJALI,FAR,2026-12-29,357.3,360.0,36.2,19.55,55.75,15.603134620766864
2026-10-01,PATANJALI,NEAR,2026-11-23,356.3,355.0,32.2,12.65,44.85,12.587706988492844
2026-10-01,PAYTM,CURRENT,2026-10-27,1663.2,1660.0,64.6,61.2,125.8,7.563732563732563
2026-10-01,PAYTM,FAR,2026-12-29,1675.0,1680.0,185.75,158.15,343.9,20.53134328358209
2026-10-01,PAYTM,NEAR,2026-11-23,1672.0,1680.0,205.05,142.1,347.15,20.76255980861244
2026-10-01,PERSISTENT,CURRENT,2026-10-27,5394.0,5400.0,213.1,221.75,434.85,8.061735261401557
2026-10-01,PERSISTENT,FAR,2026-12-29,5400.0,5400.0,367.75,526.65,894.4,16.562962962962963
2026-10-01,PERSISTENT,NEAR,2026-11-23,5392.5,5400.0,653.5,318.3,971.8,18.02132591562355
2026-10-01,PETRONET,CURRENT,2026-10-27,286.3,287.5,9.4,12.65,22.05,7.701711491442542
2026-10-01,PETRONET,FAR,2026-12-29,287.2,285.0,20.6,18.45,39.05,13.596796657381615
2026-10-01,PETRONET,NEAR,2026-11-23,285.3,285.0,15.45,15.0,30.45,10.67297581493165
2026-10-01,PFC,CURRENT,2026-10-27,317.95,320.0,8.1,10.2,18.3,5.755621953137284
2026-10-01,PFC,FAR,2026-12-29,318.75,320.0,28.75,20.0,48.75,15.294117647058824
2026-10-01,PFC,NEAR,2026-11-23,319.0,320.0,59.7,15.6,75.3,23.605015673981192
2026-10-01,PGEL,CURRENT,2026-10-27,482.05,480.0,18.75,16.5,35.25,7.312519448190022
2026-10-01,PGEL,FAR,2026-12-29,487.6,480.0,65.25,45.1,110.35,22.6312551271534
2026-10-01,PGEL,NEAR,2026-11-23,485.25,490.0,46.9,25.25,72.15,14.868624420401854
2026-10-01,PHOENIXLTD,CURRENT,2026-10-27,1943.7,1940.0,58.85,54.5,113.35,5.831661264598446
2026-10-01,PHOENIXLTD,FAR,2026-12-29,1981.0,2000.0,121.45,163.15,284.6,14.366481574962142
2026-10-01,PHOENIXLTD,NEAR,2026-11-23,1953.0,1960.0,142.6,143.45,286.04999999999995,14.646697388632871
2026-10-01,PIDILITIND,CURRENT,2026-10-27,1474.2,1480.0,31.6,35.2,66.80000000000001,4.5312711979378655
2026-10-01,PIDILITIND,FAR,2026-12-29,1487.8,1480.0,78.15,75.45,153.60000000000002,10.323968275305823
2026-10-01,PIDILITIND,NEAR,2026-11-23,1484.1,1480.0,209.4,16.35,225.75,15.21123913482919
2026-10-01,PIIND,CURRENT,2026-10-27,2245.3,2250.0,63.8,65.05,128.85,5.738654077406136
2026-10-01,PIIND,FAR,2026-12-29,2225.4,2240.0,200.7,119.1,319.79999999999995,14.370450256133726
2026-10-01,PIIND,NEAR,2026-11-23,2228.6,2220.0,170.95,82.4,253.35,11.36812348559634
2026-10-01,PNB,CURRENT,2026-10-27,110.43,110.0,3.86,3.3,7.16,6.483745359050983
2026-10-01,PNB,FAR,2026-12-29,111.6,112.0,8.14,6.75,14.89,13.342293906810038
2026-10-01,PNB,NEAR,2026-11-23,111.08,111.0,6.68,4.94,11.62,10.46092906013684
2026-10-01,PNBHOUSING,CURRENT,2026-10-27,1093.7,1100.0,36.2,41.7,77.9,7.1226113193746
2026-10-01,PNBHOUSING,FAR,2026-12-29,1102.1,1120.0,89.1,94.5,183.6,16.65910534434262
2026-10-01,PNBHOUSING,NEAR,2026-11-23,1100.2,1100.0,75.05,67.05,142.1,12.91583348482094
2026-10-01,POLICYBZR,CURRENT,2026-10-27,985.6,980.0,57.85,51.95,109.8,11.14042207792208
2026-10-01,POLICYBZR,FAR,2026-12-29,995.6,1000.0,81.15,95.05,176.2,17.697870630775412
2026-10-01,POLICYBZR,NEAR,2026-11-23,987.3,980.0,84.95,70.65,155.60000000000002,15.760153955231443
2026-10-01,POLYCAB,CURRENT,2026-10-27,8047.5,8000.0,259.25,204.55,463.8,5.763280521901212
2026-10-01,POLYCAB,FAR,2026-12-29,8087.0,8000.0,729.7,510.0,1239.7,15.329541239025597
2026-10-01,POLYCAB,NEAR,2026-11-23,8091.5,8100.0,519.8,445.35,965.15,11.927949082370388
2026-10-01,POWERGRID,CURRENT,2026-10-27,256.35,257.5,5.0,5.85,10.85,4.232494636239516
2026-10-01,POWERGRID,FAR,2026-12-29,254.3,255.0,19.35,9.1,28.450000000000003,11.18757373181282
2026-10-01,POWERGRID,NEAR,2026-11-23,253.4,252.5,17.1,5.9,23.0,9.076558800315707
2026-10-01,POWERINDIA,CURRENT,2026-10-27,31395.0,31500.0,1036.5,1149.05,2185.55,6.961458831024049
2026-10-01,POWERINDIA,FAR,2026-12-29,31190.0,31000.0,3404.3,3215.1,6619.4,21.222827829432507
2026-10-01,POWERINDIA,NEAR,2026-11-23,31525.0,31500.0,2368.4,2853.65,5222.05,16.56478984932593
2026-10-01,PREMIERENE,CURRENT,2026-10-27,875.9,880.0,31.35,35.05,66.4,7.580774060965864
2026-10-01,PREMIERENE,FAR,2026-12-29,873.7,880.0,75.45,72.55,148.0,16.939452901453585
2026-10-01,PREMIERENE,NEAR,2026-11-23,870.9,880.0,192.3,56.5,248.8,28.568147892984268
2026-10-01,PRESTIGE,CURRENT,2026-10-27,1493.5,1500.0,50.05,56.45,106.5,7.130900569132908
2026-10-01,PRESTIGE,FAR,2026-12-29,1486.0,1480.0,103.6,144.4,248.0,16.689098250336475
2026-10-01,PRESTIGE,NEAR,2026-11-23,1485.7,1480.0,230.4,65.45,295.85,19.913172242040787
2026-10-01,RADICO,CURRENT,2026-10-27,4266.1,4250.0,251.65,144.35,396.0,9.282482829750824
2026-10-01,RADICO,FAR,2026-12-29,4291.2,4300.0,396.1,269.1,665.2,15.50149142431022
2026-10-01,RADICO,NEAR,2026-11-23,4291.9,4300.0,573.35,179.45,752.8,17.54001724178103
2026-10-01,RBLBANK,CURRENT,2026-10-27,413.6,415.0,13.2,14.25,27.45,6.6368471953578325
2026-10-01,RBLBANK,FAR,2026-12-29,416.6,420.0,27.25,39.1,66.35,15.926548247719632
2026-10-01,RBLBANK,NEAR,2026-11-23,414.1,415.0,21.05,30.4,51.45,12.424535136440474
2026-10-01,RECLTD,CURRENT,2026-10-27,288.45,290.0,8.1,9.55,17.65,6.118911423123592
2026-10-01,RECLTD,FAR,2026-12-29,287.2,290.0,25.25,18.55,43.8,15.250696378830083
2026-10-01,RECLTD,NEAR,2026-11-23,287.0,285.0,13.15,12.3,25.450000000000003,8.867595818815332
2026-10-01,RELIANCE,CURRENT,2026-10-27,1175.8,1180.0,28.1,31.65,59.75,5.081646538526961
2026-10-01,RELIANCE,FAR,2026-12-29,1189.5,1180.0,69.65,45.0,114.65,9.638503572929803
2026-10-01,RELIANCE,NEAR,2026-11-23,1182.5,1180.0,42.45,39.05,81.5,6.892177589852008
2026-10-01,RVNL,CURRENT,2026-10-27,196.77,197.5,7.1,7.88,14.98,7.612949128424049
2026-10-01,RVNL,FAR,2026-12-29,196.26,195.0,20.89,15.13,36.02,18.35320493223276
2026-10-01,RVNL,NEAR,2026-11-23,196.4,197.5,15.13,12.98,28.11,14.31262729124236
2026-10-01,SAGILITY,CURRENT,2026-10-27,43.35,43.0,1.69,1.31,3.0,6.920415224913494
2026-10-01,SAGILITY,FAR,2026-12-29,43.65,44.0,3.15,3.96,7.109999999999999,16.288659793814432
2026-10-01,SAGILITY,NEAR,2026-11-23,43.64,44.0,3.47,3.79,7.26,16.636113657195235
2026-10-01,SAIL,CURRENT,2026-10-27,179.6,180.0,8.77,5.73,14.5,8.073496659242762
2026-10-01,SAIL,FAR,2026-12-29,181.42,180.0,18.13,13.67,31.8,17.528387167897698
2026-10-01,SAIL,NEAR,2026-11-23,179.83,180.0,19.61,12.34,31.95,17.766779736417725
2026-10-01,SBICARD,CURRENT,2026-10-27,565.1,570.0,17.4,21.8,39.2,6.936825340647673
2026-10-01,SBICARD,FAR,2026-12-29,568.85,560.0,53.95,24.7,78.65,13.826140458820428
2026-10-01,SBICARD,NEAR,2026-11-23,567.05,570.0,26.8,22.2,49.0,8.6412132968874
2026-10-01,SBILIFE,CURRENT,2026-10-27,1732.2,1740.0,42.35,51.2,93.55,5.400646576607782
2026-10-01,SBILIFE,FAR,2026-12-29,1733.3,1720.0,110.7,70.5,181.2,10.454047193215253
2026-10-01,SBILIFE,NEAR,2026-11-23,1735.8,1740.0,75.3,64.85,140.14999999999998,8.074086876368245
2026-10-01,SBIN,CURRENT,2026-10-27,959.0,960.0,20.5,21.45,41.95,4.374348279457769
2026-10-01,SBIN,FAR,2026-12-29,969.8,960.0,63.3,44.5,107.8,11.115693957517014
2026-10-01,SBIN,NEAR,2026-11-23,963.85,960.0,35.95,31.2,67.15,6.966851688540748
2026-10-01,SHREECEM,CURRENT,2026-10-27,21835.0,21750.0,706.1,546.0,1252.1,5.734371422028852
2026-10-01,SHREECEM,FAR,2026-12-29,21330.0,21500.0,1575.15,860.15,2435.3,11.41725269573371
2026-10-01,SHREECEM,NEAR,2026-11-23,21710.0,21750.0,1109.95,766.8,1876.75,8.644633809304468
2026-10-01,SHRIRAMFIN,CURRENT,2026-10-27,946.9,940.0,36.1,28.75,64.85,6.848664061674939
2026-10-01,SHRIRAMFIN,FAR,2026-12-29,952.85,960.0,93.15,67.6,160.75,16.870441307655977
2026-10-01,SHRIRAMFIN,NEAR,2026-11-23,948.25,940.0,49.7,44.15,93.85,9.897179013973108
2026-10-01,SIEMENS,CURRENT,2026-10-27,3782.5,3800.0,97.7,116.75,214.45,5.669530733641771
2026-10-01,SIEMENS,FAR,2026-12-29,3765.2,3800.0,265.55,299.85,565.4000000000001,15.016466588760228
2026-10-01,SIEMENS,NEAR,2026-11-23,3760.4,3750.0,215.5,222.2,437.7,11.639719178810765
2026-10-01,SOLARINDS,CURRENT,2026-10-27,19389.0,19500.0,647.3,779.25,1426.55,7.357522306462427
2026-10-01,SOLARINDS,FAR,2026-12-29,19458.0,19500.0,1423.55,1987.85,3411.4,17.5321204645904
2026-10-01,SOLARINDS,NEAR,2026-11-23,19429.0,19500.0,1886.9,1297.2,3184.1000000000004,16.38838849143034
2026-10-01,SONACOMS,CURRENT,2026-10-27,800.1,800.0,29.5,29.35,58.85,7.35533058367704
2026-10-01,SONACOMS,FAR,2026-12-29,798.95,800.0,76.4,49.0,125.4,15.695600475624255
2026-10-01,SONACOMS,NEAR,2026-11-23,796.2,800.0,72.5,35.0,107.5,13.501632755589046
2026-10-01,SRF,CURRENT,2026-10-27,2484.4,2480.0,64.45,63.25,127.7,5.140074062147802
2026-10-01,SRF,FAR,2026-12-29,2510.0,2520.0,140.6,203.55,344.15,13.711155378486056
2026-10-01,SRF,NEAR,2026-11-23,2500.2,2500.0,241.45,129.3,370.75,14.828813694904408
2026-10-01,SUNPHARMA,CURRENT,2026-10-27,1812.9,1820.0,31.6,37.65,69.25,3.8198466545314136
2026-10-01,SUNPHARMA,FAR,2026-12-29,1832.7,1840.0,114.15,62.15,176.3,9.619686800894856
2026-10-01,SUNPHARMA,NEAR,2026-11-23,1821.6,1820.0,101.45,40.3,141.75,7.781620553359684
2026-10-01,SUPREMEIND,CURRENT,2026-10-27,3384.6,3400.0,100.0,115.1,215.1,6.355256160255274
2026-10-01,SUPREMEIND,FAR,2026-12-29,3409.1,3400.0,298.05,202.45,500.5,14.681294183215511
2026-10-01,SUPREMEIND,NEAR,2026-11-23,3390.2,3400.0,384.4,140.9,525.3,15.494661081942068
2026-10-01,SUZLON,CURRENT,2026-10-27,39.12,39.0,1.65,1.51,3.16,8.077709611451944
2026-10-01,SUZLON,FAR,2026-12-29,39.61,40.0,3.46,3.38,6.84,17.26836657409745
2026-10-01,SUZLON,NEAR,2026-11-23,39.37,39.0,3.08,2.0,5.08,12.903225806451612
2026-10-01,SWIGGY,CURRENT,2026-10-27,239.85,240.0,9.8,10.0,19.8,8.255159474671672
2026-10-01,SWIGGY,FAR,2026-12-29,242.55,240.0,31.95,14.7,46.65,19.233147804576376
2026-10-01,SWIGGY,NEAR,2026-11-23,240.75,240.0,57.7,13.95,71.65,29.761163032191075
2026-10-01,TATACONSUM,CURRENT,2026-10-27,956.8,960.0,20.8,24.55,45.35,4.739757525083613
2026-10-01,TATACONSUM,FAR,2026-12-29,961.6,960.0,64.55,42.8,107.35,11.163685524126455
2026-10-01,TATACONSUM,NEAR,2026-11-23,962.25,960.0,131.65,16.85,148.5,15.43257989088075
2026-10-01,TATAELXSI,CURRENT,2026-10-27,3103.6,3100.0,122.6,117.9,240.5,7.749065601237273
2026-10-01,TATAELXSI,FAR,2026-12-29,3101.6,3100.0,318.6,161.5,480.1,15.479107557389735
2026-10-01,TATAELXSI,NEAR,2026-11-23,3097.8,3100.0,668.25,110.0,778.25,25.122667699657818
2026-10-01,TATAPOWER,CURRENT,2026-10-27,352.45,350.0,9.15,6.75,15.9,4.511278195488722
2026-10-01,TATAPOWER,FAR,2026-12-29,356.55,360.0,22.25,17.95,40.2,11.274716028607488
2026-10-01,TATAPOWER,NEAR,2026-11-23,354.35,355.0,19.35,12.2,31.55,8.903626358120501
2026-10-01,TATASTEEL,CURRENT,2026-10-27,178.98,180.0,5.08,6.2,11.28,6.302380154207175
2026-10-01,TATASTEEL,FAR,2026-12-29,181.03,180.0,10.74,6.93,17.67,9.760813124896426
2026-10-01,TATASTEEL,NEAR,2026-11-23,179.87,180.0,7.77,8.1,15.87,8.8230388613999
2026-10-01,TCS,CURRENT,2026-10-27,2076.4,2080.0,71.05,74.25,145.3,6.997688306684646
2026-10-01,TCS,FAR,2026-12-29,2096.4,2080.0,126.4,143.55,269.95000000000005,12.876836481587484
2026-10-01,TCS,NEAR,2026-11-23,2087.5,2080.0,102.0,95.85,197.85,9.477844311377243
2026-10-01,TECHM,CURRENT,2026-10-27,1533.7,1540.0,49.35,56.3,105.65,6.888570124535437
2026-10-01,TECHM,FAR,2026-12-29,1519.9,1520.0,104.7,91.95,196.65,12.93835120731627
2026-10-01,TECHM,NEAR,2026-11-23,1534.5,1540.0,69.45,85.25,154.7,10.081459758879111
2026-10-01,TIINDIA,CURRENT,2026-10-27,2355.1,2350.0,78.7,74.05,152.75,6.485924164578999
2026-10-01,TIINDIA,FAR,2026-12-29,2380.0,2400.0,220.45,172.3,392.75,16.502100840336134
2026-10-01,TIINDIA,NEAR,2026-11-23,2370.6,2350.0,196.55,112.65,309.20000000000005,13.04311144857842
2026-10-01,TITAN,CURRENT,2026-10-27,4547.6,4550.0,107.25,109.0,216.25,4.755255519394845
2026-10-01,TITAN,FAR,2026-12-29,4599.8,4600.0,331.7,189.3,521.0,11.326579416496369
2026-10-01,TITAN,NEAR,2026-11-23,4568.4,4550.0,194.55,119.2,313.75,6.867831188162158
2026-10-01,TMPV,CURRENT,2026-10-27,279.2,280.0,8.75,9.75,18.5,6.626074498567336
2026-10-01,TMPV,FAR,2026-12-29,282.7,280.0,23.2,18.15,41.35,14.626812875840113
2026-10-01,TMPV,NEAR,2026-11-23,280.6,280.0,13.85,13.65,27.5,9.800427655024944
2026-10-01,TORNTPHARM,CURRENT,2026-10-27,4802.9,4800.0,111.75,108.2,219.95,4.579524870390806
2026-10-01,TORNTPHARM,FAR,2026-12-29,4910.0,4900.0,296.75,230.95,527.7,10.74745417515275
2026-10-01,TORNTPHARM,NEAR,2026-11-23,4834.4,4850.0,250.2,163.15,413.35,8.550182028793648
2026-10-01,TRENT,CURRENT,2026-10-27,2592.7,2600.0,90.55,96.75,187.3,7.2241292860724355
2026-10-01,TRENT,FAR,2026-12-29,2600.0,2600.0,152.0,180.7,332.7,12.796153846153846
2026-10-01,TRENT,NEAR,2026-11-23,2603.2,2600.0,135.0,125.35,260.35,10.001152427781197
2026-10-01,TVSMOTOR,CURRENT,2026-10-27,4031.6,4050.0,116.8,135.85,252.65,6.266742732413929
2026-10-01,TVSMOTOR,FAR,2026-12-29,4053.8,4100.0,292.9,241.75,534.65,13.188859835216338
2026-10-01,TVSMOTOR,NEAR,2026-11-23,4054.9,4050.0,247.5,170.4,417.9,10.30604947101038
2026-10-01,UJJIVANSFB,CURRENT,2026-10-27,65.9,66.0,3.02,3.53,6.55,9.939301972685886
2026-10-01,UJJIVANSFB,FAR,2026-12-29,67.42,68.0,5.18,6.93,12.11,17.96202907149214
2026-10-01,UJJIVANSFB,NEAR,2026-11-23,66.19,66.0,4.55,4.7,9.25,13.97492068288261
2026-10-01,ULTRACEMCO,CURRENT,2026-10-27,10779.0,10800.0,246.1,265.75,511.85,4.74858521198627
2026-10-01,ULTRACEMCO,FAR,2026-12-29,10799.0,10800.0,685.6,450.0,1135.6,10.515788498935086
2026-10-01,ULTRACEMCO,NEAR,2026-11-23,10801.0,10800.0,1163.75,263.3,1427.05,13.212202573835755
2026-10-01,UNIONBANK,CURRENT,2026-10-27,167.7,167.5,5.94,5.68,11.62,6.929039952295768
2026-10-01,UNIONBANK,FAR,2026-12-29,169.27,170.0,12.71,14.22,26.93,15.909493708276717
2026-10-01,UNIONBANK,NEAR,2026-11-23,168.64,167.5,10.41,10.42,20.83,12.35175521821632
2026-10-01,UNITDSPR,CURRENT,2026-10-27,1345.3,1340.0,38.1,32.7,70.80000000000001,5.26276666914443
2026-10-01,UNITDSPR,FAR,2026-12-29,1355.0,1360.0,90.2,67.3,157.5,11.62361623616236
2026-10-01,UNITDSPR,NEAR,2026-11-23,1352.3,1360.0,227.15,16.95,244.1,18.05072838867116
2026-10-01,UNOMINDA,CURRENT,2026-10-27,1113.4,1120.0,33.1,38.75,71.85,6.4532063948266565
2026-10-01,UNOMINDA,FAR,2026-12-29,1175.7,1160.0,102.4,83.4,185.8,15.803351195032748
2026-10-01,UNOMINDA,NEAR,2026-11-23,1113.1,1120.0,186.75,36.7,223.45,20.074566525918605
2026-10-01,UPL,CURRENT,2026-10-27,520.65,520.0,14.6,14.05,28.65,5.502736963411121
2026-10-01,UPL,FAR,2026-12-29,524.7,520.0,54.1,28.45,82.55,15.732799695063845
2026-10-01,UPL,NEAR,2026-11-23,523.4,525.0,40.95,23.3,64.25,12.27550630492931
2026-10-01,VBL,CURRENT,2026-10-27,425.0,425.0,12.65,12.9,25.55,6.011764705882353
2026-10-01,VBL,FAR,2026-12-29,429.15,430.0,34.2,27.9,62.1,14.470464872422232
2026-10-01,VBL,NEAR,2026-11-23,427.0,425.0,28.65,19.85,48.5,11.358313817330211
2026-10-01,VEDL,CURRENT,2026-10-27,251.45,250.0,9.6,8.0,17.6,6.9994034599323935
2026-10-01,VEDL,FAR,2026-12-29,253.15,250.0,29.15,15.5,44.65,17.63776417143986
2026-10-01,VEDL,NEAR,2026-11-23,252.8,255.0,20.95,13.65,34.6,13.686708860759497
2026-10-01,VMM,CURRENT,2026-10-27,99.61,100.0,3.35,3.61,6.96,6.9872502760767
2026-10-01,VMM,FAR,2026-12-29,100.36,100.0,10.68,4.92,15.6,15.544041450777202
2026-10-01,VMM,NEAR,2026-11-23,99.91,100.0,4.5,2.66,7.16,7.1664498048243415
2026-10-01,VOLTAS,CURRENT,2026-10-27,1055.7,1060.0,31.8,36.65,68.45,6.483849578478734
2026-10-01,VOLTAS,FAR,2026-12-29,1066.5,1080.0,95.75,69.95,165.7,15.53680262541022
2026-10-01,VOLTAS,NEAR,2026-11-23,1060.1,1060.0,85.2,45.8,131.0,12.357324780681068
2026-10-01,WAAREEENER,FAR,2026-12-29,2352.2,2360.0,240.6,186.0,426.6,18.13621290706573
2026-10-01,WAAREEENER,NEAR,2026-11-23,2346.6,2340.0,197.05,136.25,333.3,14.203528509332653
2026-10-01,WIPRO,CURRENT,2026-10-27,160.26,160.0,5.67,5.37,11.04,6.888805690752527
2026-10-01,WIPRO,FAR,2026-12-29,159.41,160.0,9.21,10.07,19.28,12.094598833197416
2026-10-01,WIPRO,NEAR,2026-11-23,159.65,160.0,6.97,7.06,14.03,8.787973692452239
2026-10-01,YESBANK,CURRENT,2026-10-27,20.84,21.0,0.64,0.76,1.4,6.7178502879078685
2026-10-01,YESBANK,FAR,2026-12-29,21.11,22.0,1.13,2.09,3.22,15.253434391283752
2026-10-01,YESBANK,NEAR,2026-11-23,20.97,21.0,1.14,0.79,1.93,9.203624225083452
2026-10-01,ZYDUSLIFE,CURRENT,2026-10-27,1151.4,1150.0,33.65,32.95,66.6,5.784262636789994
2026-10-01,ZYDUSLIFE,FAR,2026-12-29,1146.5,1140.0,113.65,36.45,150.10000000000002,13.092019188835588
2026-10-01,ZYDUSLIFE,NEAR,2026-11-23,1156.5,1160.0,56.85,75.1,131.95,11.409424989191525
2026-10-05,360ONE,CURRENT,2026-10-27,1052.0,1060.0,28.6,37.45,66.05000000000001,6.2785171102661606
2026-10-05,360ONE,FAR,2026-12-29,1056.0,1040.0,80.2,75.75,155.95,14.767992424242424
2026-10-05,360ONE,NEAR,2026-11-23,1049.5,1040.0,208.5,25.0,233.5,22.248689852310623
2026-10-05,ABB,CURRENT,2026-10-27,6905.0,6900.0,210.75,201.7,412.45,5.973207820419986
2026-10-05,ABB,FAR,2026-12-29,6935.0,7000.0,392.9,629.85,1022.75,14.74765681326604
2026-10-05,ABB,NEAR,2026-11-23,6927.0,6900.0,306.6,484.8,791.4000000000001,11.424859246427026
2026-10-05,ABCAPITAL,CURRENT,2026-10-27,377.65,380.0,9.45,11.65,21.1,5.587183900436913
2026-10-05,ABCAPITAL,FAR,2026-12-29,380.0,380.0,31.75,28.2,59.95,15.776315789473683
2026-10-05,ABCAPITAL,NEAR,2026-11-23,379.9,380.0,15.75,17.0,32.75,8.620689655172415
2026-10-05,ADANIENSOL,CURRENT,2026-10-27,1357.6,1360.0,47.5,50.05,97.55,7.18547436652917
2026-10-05,ADANIENSOL,FAR,2026-12-29,1368.0,1360.0,118.2,152.45,270.65,19.7843567251462
2026-10-05,ADANIENSOL,NEAR,2026-11-23,1363.4,1360.0,69.6,52.75,122.35,8.97388880739328
2026-10-05,ADANIENT,CURRENT,2026-10-27,2880.3,2900.0,74.15,94.25,168.4,5.846613200013887
2026-10-05,ADANIENT,FAR,2026-12-29,2900.0,2900.0,329.2,213.8,543.0,18.72413793103448
2026-10-05,ADANIENT,NEAR,2026-11-23,2893.0,2900.0,120.55,114.6,235.15,8.128240580712061
2026-10-05,ADANIGREEN,CURRENT,2026-10-27,1289.8,1280.0,48.65,38.4,87.05,6.749108388897504
2026-10-05,ADANIGREEN,FAR,2026-12-29,1302.0,1320.0,115.85,156.5,272.35,20.917818740399387
2026-10-05,ADANIGREEN,NEAR,2026-11-23,1294.2,1300.0,91.1,119.55,210.65,16.276464225003863
2026-10-05,ADANIPORTS,CURRENT,2026-10-27,1773.0,1780.0,36.3,42.65,78.94999999999999,4.452904681331077
2026-10-05,ADANIPORTS,FAR,2026-12-29,1794.0,1800.0,160.35,112.0,272.35,15.181159420289855
2026-10-05,ADANIPORTS,NEAR,2026-11-23,1784.1,1780.0,64.6,66.95,131.55,7.373465612914074
2026-10-05,ADANIPOWER,CURRENT,2026-10-27,202.05,202.5,6.5,6.9,13.4,6.632021776787924
2026-10-05,ADANIPOWER,FAR,2026-12-29,204.1,205.0,16.15,21.85,38.0,18.618324350808425
2026-10-05,ADANIPOWER,NEAR,2026-11-23,203.07,202.5,12.53,16.93,29.46,14.507312749298274
2026-10-05,ALKEM,CURRENT,2026-10-27,5196.5,5200.0,117.55,121.6,239.15,4.602136053112671
2026-10-05,ALKEM,FAR,2026-12-29,5240.5,5200.0,346.8,220.6,567.4,10.82721114397481
2026-10-05,ALKEM,NEAR,2026-11-23,5210.0,5200.0,421.7,176.45,598.15,11.480806142034549
2026-10-05,AMBER,CURRENT,2026-10-27,6583.5,6600.0,194.5,218.2,412.7,6.268702058175742
2026-10-05,AMBER,FAR,2026-12-29,6604.5,6600.0,712.45,609.25,1321.7,20.012112953289424
2026-10-05,AMBER,NEAR,2026-11-23,6582.0,6600.0,1277.85,347.8,1625.65,24.69841993315101
2026-10-05,AMBUJACEM,CURRENT,2026-10-27,366.0,365.0,10.55,9.0,19.55,5.341530054644808
2026-10-05,AMBUJACEM,FAR,2026-12-29,370.65,370.0,25.15,24.0,49.15,13.260488331309862
2026-10-05,AMBUJACEM,NEAR,2026-11-23,367.65,370.0,57.7,9.1,66.8,18.169454644362844
2026-10-05,ANANDRATHI,CURRENT,2026-10-27,2135.9,2140.0,78.25,91.6,169.85,7.952151317945597
2026-10-05,ANANDRATHI,FAR,2026-12-29,2151.1,2160.0,111.5,139.3,250.8,11.65915113197899
2026-10-05,ANANDRATHI,NEAR,2026-11-23,2145.0,2140.0,87.15,107.5,194.65,9.074592074592076
2026-10-05,ANGELONE,CURRENT,2026-10-27,286.35,285.0,13.0,11.7,24.7,8.625807578138641
2026-10-05,ANGELONE,FAR,2026-12-29,287.3,290.0,22.4,34.65,57.05,19.85729202923773
2026-10-05,ANGELONE,NEAR,2026-11-23,286.7,285.0,17.55,26.55,44.1,15.3819323334496
2026-10-05,APLAPOLLO,CURRENT,2026-10-27,2108.1,2100.0,65.1,59.4,124.5,5.905791945353636
2026-10-05,APLAPOLLO,FAR,2026-12-29,2100.0,2080.0,226.85,87.8,314.65,14.983333333333333
2026-10-05,APLAPOLLO,NEAR,2026-11-23,2122.6,2120.0,169.7,118.9,288.6,13.5965325544144
2026-10-05,APOLLOHOSP,CURRENT,2026-10-27,8029.0,8000.0,200.4,164.75,365.15,4.547888902727612
2026-10-05,APOLLOHOSP,FAR,2026-12-29,8110.0,8200.0,751.6,172.5,924.1,11.394574599260173
2026-10-05,APOLLOHOSP,NEAR,2026-11-23,8062.5,8100.0,720.7,89.75,810.45,10.052093023255814
2026-10-05,ASHOKLEY,CURRENT,2026-10-27,153.1,152.5,4.91,4.18,9.09,5.937295885042456
2026-10-05,ASHOKLEY,FAR,2026-12-29,154.24,155.0,13.15,12.44,25.59,16.591026970954356
2026-10-05,ASHOKLEY,NEAR,2026-11-23,153.11,152.5,11.09,8.8,19.89,12.990660309581346
2026-10-05,ASIANPAINT,CURRENT,2026-10-27,2364.2,2360.0,54.9,51.25,106.15,4.489890872176636
2026-10-05,ASIANPAINT,FAR,2026-12-29,2381.0,2400.0,154.35,104.2,258.55,10.858882822343553
2026-10-05,ASIANPAINT,NEAR,2026-11-23,2372.8,2380.0,129.75,73.65,203.4,8.57215104517869
2026-10-05,ASTRAL,CURRENT,2026-10-27,1360.8,1360.0,35.25,32.65,67.9,4.98971193415638
2026-10-05,ASTRAL,FAR,2026-12-29,1371.0,1360.0,116.1,81.15,197.25,14.387308533916848
2026-10-05,ASTRAL,NEAR,2026-11-23,1368.1,1360.0,235.0,34.8,269.8,19.72078064468972
2026-10-05,ATHERENERG,CURRENT,2026-10-27,1398.1,1400.0,50.4,52.75,103.15,7.377869966382949
2026-10-05,ATHERENERG,FAR,2026-12-29,1383.0,1400.0,160.95,133.45,294.4,21.28705712219812
2026-10-05,ATHERENERG,NEAR,2026-11-23,1387.8,1380.0,134.5,95.2,229.7,16.55137627900274
2026-10-05,AUBANK,CURRENT,2026-10-27,1034.7,1030.0,32.05,27.55,59.6,5.760123707354788
2026-10-05,AUBANK,FAR,2026-12-29,1045.3,1040.0,62.35,81.9,144.25,13.799866067157756
2026-10-05,AUBANK,NEAR,2026-11-23,1037.8,1040.0,139.25,35.2,174.45,16.809597224898823
2026-10-05,AUROPHARMA,CURRENT,2026-10-27,1681.6,1680.0,44.9,42.45,87.35,5.194457659372027
2026-10-05,AUROPHARMA,FAR,2026-12-29,1694.0,1680.0,130.5,88.2,218.7,12.910271546635183
2026-10-05,AUROPHARMA,NEAR,2026-11-23,1689.6,1680.0,88.35,125.6,213.95,12.662760416666666
2026-10-05,AXISBANK,CURRENT,2026-10-27,1228.7,1230.0,29.8,30.9,60.7,4.940180678766176
2026-10-05,AXISBANK,FAR,2026-12-29,1242.6,1240.0,65.7,75.45,141.15,11.359246740704974
2026-10-05,AXISBANK,NEAR,2026-11-23,1233.7,1230.0,39.0,58.3,97.3,7.886844451649509
2026-10-05,BAJAJ-AUTO,CURRENT,2026-10-27,10047.0,10000.0,243.65,199.1,442.75,4.40678809594904
2026-10-05,BAJAJ-AUTO,FAR,2026-12-29,10107.0,10200.0,1055.3,294.85,1350.15,13.35856337192045
2026-10-05,BAJAJ-AUTO,NEAR,2026-11-23,10101.0,10100.0,972.05,171.35,1143.4,11.319671319671318
2026-10-05,BAJAJFINSV,CURRENT,2026-10-27,1751.3,1760.0,38.25,47.0,85.25,4.867812482156113
2026-10-05,BAJAJFINSV,FAR,2026-12-29,1771.7,1760.0,106.65,98.45,205.1,11.576451995258791
2026-10-05,BAJAJFINSV,NEAR,2026-11-23,1760.6,1760.0,293.95,23.8,317.75,18.047824605248213
2026-10-05,BAJAJHLDNG,CURRENT,2026-10-27,10777.0,10800.0,275.0,289.05,564.05,5.233831307413936
2026-10-05,BAJFINANCE,CURRENT,2026-10-27,972.9,970.0,28.05,25.4,53.45,5.493884263541989
2026-10-05,BAJFINANCE,FAR,2026-12-29,983.65,980.0,73.15,65.0,138.15,14.04462969552178
2026-10-05,BAJFINANCE,NEAR,2026-11-23,977.95,980.0,40.0,38.4,78.4,8.016769773505803
2026-10-05,BANDHANBNK,CURRENT,2026-10-27,169.83,170.0,7.5,7.7,15.2,8.950126597185418
2026-10-05,BANDHANBNK,FAR,2026-12-29,172.25,170.0,27.8,10.0,37.8,21.94484760522496
2026-10-05,BANDHANBNK,NEAR,2026-11-23,170.19,170.0,20.25,5.52,25.77,15.14190022915565
2026-10-05,BANKBARODA,CURRENT,2026-10-27,233.96,235.0,5.47,6.58,12.05,5.150453068900667
2026-10-05,BANKBARODA,FAR,2026-12-29,236.66,235.0,13.51,17.39,30.9,13.05670582269923
2026-10-05,BANKBARODA,NEAR,2026-11-23,235.13,235.0,9.56,14.79,24.35,10.355973291370733
2026-10-05,BANKINDIA,CURRENT,2026-10-27,133.62,132.5,4.88,3.67,8.55,6.398742703188145
2026-10-05,BANKINDIA,FAR,2026-12-29,134.67,135.0,8.81,11.72,20.53,15.24467216158016
2026-10-05,BANKINDIA,NEAR,2026-11-23,134.3,135.0,5.77,6.3,12.07,8.987341772151899
2026-10-05,BANKNIFTY,CURRENT,2026-10-27,54923.0,54900.0,858.4,854.1,1712.5,3.118001565828524
2026-10-05,BANKNIFTY,FAR,2026-12-29,55558.2,55600.0,1473.35,1492.65,2966.0,5.338545885215864
2026-10-05,BANKNIFTY,NEAR,2026-11-23,55228.0,55200.0,1184.3,1161.9,2346.2,4.248207431013254
2026-10-05,BDL,CURRENT,2026-10-27,1095.3,1100.0,34.8,39.3,74.1,6.765269789098877
2026-10-05,BDL,FAR,2026-12-29,1080.0,1080.0,111.4,90.45,201.85,18.689814814814817
2026-10-05,BDL,NEAR,2026-11-23,1087.0,1080.0,130.0,58.0,188.0,17.295308187672493
2026-10-05,BEL,CURRENT,2026-10-27,384.75,385.0,9.25,9.45,18.7,4.860298895386615
2026-10-05,BEL,FAR,2026-12-29,389.1,390.0,27.0,23.55,50.55,12.991518889745564
2026-10-05,BEL,NEAR,2026-11-23,386.6,385.0,22.8,12.9,35.7,9.234350750129334
2026-10-05,BHARATFORG,CURRENT,2026-10-27,1834.0,1840.0,47.2,51.6,98.8,5.387131952017449
2026-10-05,BHARATFORG,FAR,2026-12-29,1853.7,1840.0,130.05,83.1,213.15,11.49862437287587
2026-10-05,BHARATFORG,NEAR,2026-11-23,1841.4,1840.0,293.5,67.45,360.95,19.60193331161073
2026-10-05,BHARTIARTL,CURRENT,2026-10-27,1781.2,1780.0,28.5,27.7,56.2,3.1551762856501235
2026-10-05,BHARTIARTL,FAR,2026-12-29,1800.1,1800.0,89.3,91.75,181.05,10.057774568079552
2026-10-05,BHARTIARTL,NEAR,2026-11-23,1790.0,1780.0,51.5,66.75,118.25,6.606145251396649
2026-10-05,BHEL,CURRENT,2026-10-27,429.9,430.0,15.25,15.7,30.95,7.199348685740869
2026-10-05,BHEL,FAR,2026-12-29,434.25,440.0,28.7,48.9,77.6,17.869890616004604
2026-10-05,BHEL,NEAR,2026-11-23,432.05,430.0,23.0,21.5,44.5,10.299733827103344
2026-10-05,BIOCON,CURRENT,2026-10-27,370.3,370.0,9.85,9.6,19.45,5.252497974615176
2026-10-05,BIOCON,FAR,2026-12-29,377.0,380.0,26.3,23.75,50.05,13.275862068965516
2026-10-05,BIOCON,NEAR,2026-11-23,372.65,375.0,22.15,16.85,39.0,10.46558432845834
2026-10-05,BLUESTARCO,CURRENT,2026-10-27,1478.7,1480.0,48.7,49.95,98.65,6.671400554541151
2026-10-05,BLUESTARCO,FAR,2026-12-29,1365.0,1360.0,234.05,44.6,278.65000000000003,20.413919413919416
2026-10-05,BLUESTARCO,NEAR,2026-11-23,1454.0,1460.0,140.15,57.7,197.85,13.607290233837691
2026-10-05,BOSCHLTD,CURRENT,2026-10-27,44970.0,45000.0,1117.0,1073.05,2190.05,4.870024460751613
2026-10-05,BOSCHLTD,FAR,2026-12-29,45360.0,45000.0,3703.7,2344.4,6048.1,13.333553791887129
2026-10-05,BOSCHLTD,NEAR,2026-11-23,45215.0,45000.0,5723.05,1374.55,7097.6,15.697445537985184
2026-10-05,BPCL,CURRENT,2026-10-27,298.6,300.0,7.1,8.35,15.45,5.174146014735431
2026-10-05,BPCL,FAR,2026-12-29,299.05,300.0,22.55,18.8,41.35,13.82711921083431
2026-10-05,BPCL,NEAR,2026-11-23,299.55,300.0,34.85,10.2,45.05,15.039225504924053
2026-10-05,BRITANNIA,CURRENT,2026-10-27,4776.0,4800.0,82.25,103.75,186.0,3.894472361809045
2026-10-05,BRITANNIA,FAR,2026-12-29,4831.2,4800.0,285.85,180.55,466.4,9.653916211293264
2026-10-05,BRITANNIA,NEAR,2026-11-23,4796.3,4800.0,700.55,46.75,747.3,15.580760169297164
2026-10-05,BSE,CURRENT,2026-10-27,3183.0,3200.0,103.25,120.25,223.5,7.021677662582469
2026-10-05,BSE,FAR,2026-12-29,3211.0,3200.0,212.0,302.0,514.0,16.00747430706945
2026-10-05,BSE,NEAR,2026-11-23,3199.0,3200.0,168.4,173.75,342.15,10.695529853079083
2026-10-05,CAMS,CURRENT,2026-10-27,684.7,680.0,21.5,16.75,38.25,5.586388199211333
2026-10-05,CAMS,FAR,2026-12-29,684.5,680.0,48.45,52.5,100.95,14.747991234477723
2026-10-05,CAMS,NEAR,2026-11-23,684.55,680.0,103.1,23.05,126.15,18.428164487619604
2026-10-05,CANBK,CURRENT,2026-10-27,119.12,119.0,3.64,3.39,7.03,5.901611820013432
2026-10-05,CANBK,FAR,2026-12-29,120.4,120.0,9.01,7.75,16.759999999999998,13.920265780730896
2026-10-05,CANBK,NEAR,2026-11-23,119.65,120.0,5.0,4.75,9.75,8.14876723777685
2026-10-05,CDSL,CURRENT,2026-10-27,1251.8,1260.0,33.35,40.9,74.25,5.93145869947276
2026-10-05,CDSL,FAR,2026-12-29,1265.0,1280.0,102.65,101.95,204.6,16.173913043478265
2026-10-05,CDSL,NEAR,2026-11-23,1258.0,1260.0,59.0,50.0,109.0,8.664546899841017
2026-10-05,CGPOWER,CURRENT,2026-10-27,888.1,890.0,26.85,28.05,54.900000000000006,6.181736290958225
2026-10-05,CGPOWER,FAR,2026-12-29,899.5,900.0,59.65,88.4,148.05,16.459143968871597
2026-10-05,CGPOWER,NEAR,2026-11-23,891.3,890.0,45.5,69.55,115.05,12.908111746886568
2026-10-05,CHOLAFIN,CURRENT,2026-10-27,1606.8,1600.0,50.4,42.95,93.35,5.809683843664426
2026-10-05,CHOLAFIN,FAR,2026-12-29,1625.0,1640.0,133.45,122.15,255.6,15.729230769230767
2026-10-05,CHOLAFIN,NEAR,2026-11-23,1617.0,1620.0,110.25,88.6,198.85,12.297464440321583
2026-10-05,CIPLA,CURRENT,2026-10-27,1334.3,1330.0,34.0,29.0,63.0,4.721576856778835
2026-10-05,CIPLA,FAR,2026-12-29,1348.7,1340.0,101.35,42.45,143.8,10.662119077630312
2026-10-05,CIPLA,NEAR,2026-11-23,1344.3,1340.0,133.05,31.1,164.15,12.210816038086737
2026-10-05,COALINDIA,CURRENT,2026-10-27,426.9,425.0,9.85,7.9,17.75,4.157882408058093
2026-10-05,COALINDIA,FAR,2026-12-29,430.8,430.0,24.35,23.05,47.400000000000006,11.002785515320337
2026-10-05,COALINDIA,NEAR,2026-11-23,428.65,430.0,13.75,15.0,28.75,6.7071036976554295
2026-10-05,COCHINSHIP,CURRENT,2026-10-27,1282.5,1280.0,39.5,35.4,74.9,5.840155945419104
2026-10-05,COCHINSHIP,FAR,2026-12-29,1271.6,1280.0,185.8,87.75,273.55,21.5122680088078
2026-10-05,COCHINSHIP,NEAR,2026-11-23,1277.4,1280.0,302.65,45.15,347.79999999999995,27.227180209801155
2026-10-05,COFORGE,CURRENT,2026-10-27,1851.9,1860.0,70.0,78.4,148.4,8.013391651817052
2026-10-05,COFORGE,FAR,2026-12-29,1861.0,1880.0,107.25,237.7,344.95,18.535733476625467
2026-10-05,COFORGE,NEAR,2026-11-23,1857.2,1860.0,75.9,197.4,273.3,14.715701055352143
2026-10-05,COLPAL,CURRENT,2026-10-27,1775.7,1780.0,45.5,46.8,92.3,5.197950104184265
2026-10-05,COLPAL,FAR,2026-12-29,1773.4,1760.0,131.85,80.95,212.8,11.999548889139506
2026-10-05,COLPAL,NEAR,2026-11-23,1761.0,1760.0,53.95,50.0,103.95,5.90289608177172
2026-10-05,CONCOR,CURRENT,2026-10-27,442.1,440.0,13.6,11.5,25.1,5.67744854105406
2026-10-05,CONCOR,FAR,2026-12-29,445.2,450.0,30.75,30.65,61.4,13.791554357592092
2026-10-05,CONCOR,NEAR,2026-11-23,442.85,445.0,25.05,22.6,47.650000000000006,10.75985096533815
2026-10-05,CROMPTON,CURRENT,2026-10-27,211.66,212.5,6.2,6.79,12.99,6.137201171690447
2026-10-05,CROMPTON,FAR,2026-12-29,214.0,215.0,14.73,15.21,29.94,13.990654205607475
2026-10-05,CROMPTON,NEAR,2026-11-23,212.83,212.5,11.99,11.23,23.22,10.910116055067425
2026-10-05,CUMMINSIND,CURRENT,2026-10-27,4833.8,4850.0,111.6,127.9,239.5,4.954694029541975
2026-10-05,CUMMINSIND,FAR,2026-12-29,4895.0,4900.0,318.65,346.85,665.5,13.595505617977526
2026-10-05,CUMMINSIND,NEAR,2026-11-23,4846.0,4850.0,254.65,261.55,516.2,10.65208419314899
2026-10-05,DABUR,CURRENT,2026-10-27,378.45,380.0,8.2,9.65,17.85,4.716607213634562
2026-10-05,DABUR,FAR,2026-12-29,378.4,380.0,23.4,17.45,40.85,10.795454545454543
2026-10-05,DABUR,NEAR,2026-11-23,377.65,380.0,15.0,16.0,31.0,8.208658811068451
2026-10-05,DELHIVERY,CURRENT,2026-10-27,401.5,400.0,12.05,10.35,22.4,5.579078455790784
2026-10-05,DELHIVERY,FAR,2026-12-29,404.9,400.0,43.5,20.25,63.75,15.744628303284763
2026-10-05,DELHIVERY,NEAR,2026-11-23,403.45,405.0,32.75,16.75,49.5,12.269178336844714
2026-10-05,DIVISLAB,CURRENT,2026-10-27,9261.5,9300.0,215.75,250.9,466.65,5.0386006586406085
2026-10-05,DIVISLAB,FAR,2026-12-29,9351.0,9400.0,646.65,477.95,1124.6,12.026521227676184
2026-10-05,DIVISLAB,NEAR,2026-11-23,9314.0,9300.0,345.0,334.65,679.65,7.297079665020399
2026-10-05,DIXON,CURRENT,2026-10-27,12744.0,12750.0,451.9,451.6,903.5,7.089610797237916
2026-10-05,DIXON,FAR,2026-12-29,12464.0,12500.0,1688.65,755.5,2444.15,19.609675866495508
2026-10-05,DIXON,NEAR,2026-11-23,12595.0,12500.0,3036.1,620.0,3656.1,29.02818578801111
2026-10-05,DLF,CURRENT,2026-10-27,672.6,670.0,20.45,18.25,38.7,5.753791257805531
2026-10-05,DLF,FAR,2026-12-29,676.0,680.0,41.0,58.05,99.05,14.652366863905325
2026-10-05,DLF,NEAR,2026-11-23,673.2,670.0,30.8,43.75,74.55,11.07397504456328
2026-10-05,DMART,CURRENT,2026-10-27,3563.2,3550.0,118.85,104.85,223.7,6.278064660978895
2026-10-05,DMART,FAR,2026-12-29,3567.1,3600.0,337.15,134.4,471.55,13.21942193939054
2026-10-05,DMART,NEAR,2026-11-23,3563.1,3550.0,311.4,79.85,391.25,10.980606774999298
2026-10-05,DRREDDY,CURRENT,2026-10-27,1199.9,1200.0,31.2,31.75,62.95,5.246270522543545
2026-10-05,DRREDDY,FAR,2026-12-29,1201.0,1200.0,107.25,37.75,145.0,12.073272273105744
2026-10-05,DRREDDY,NEAR,2026-11-23,1196.5,1200.0,40.0,41.35,81.35,6.798997074801504
2026-10-05,EICHERMOT,CURRENT,2026-10-27,7065.0,7100.0,126.25,163.0,289.25,4.094125973106865
2026-10-05,EICHERMOT,FAR,2026-12-29,7163.5,7200.0,211.1,394.8,605.9,8.458155929364137
2026-10-05,EICHERMOT,NEAR,2026-11-23,7099.0,7100.0,242.8,271.25,514.05,7.241160726862937
2026-10-05,ENRIN,CURRENT,2026-10-27,3340.8,3350.0,128.35,129.7,258.04999999999995,7.724197796934865
2026-10-05,ENRIN,FAR,2026-12-29,3346.6,3300.0,170.0,293.65,463.65,13.854359648598576
2026-10-05,ENRIN,NEAR,2026-11-23,3345.7,3350.0,154.45,275.7,430.15,12.856801267298325
2026-10-05,ETERNAL,CURRENT,2026-10-27,321.9,320.0,11.6,9.7,21.3,6.616961789375582
2026-10-05,ETERNAL,FAR,2026-12-29,325.1,330.0,27.9,25.2,53.1,16.333435865887417
2026-10-05,ETERNAL,NEAR,2026-11-23,323.45,325.0,23.55,17.8,41.35,12.784046993352916
2026-10-05,FEDERALBNK,CURRENT,2026-10-27,328.0,330.0,8.05,10.3,18.35,5.594512195121951
2026-10-05,FEDERALBNK,FAR,2026-12-29,331.15,330.0,15.0,22.0,37.0,11.1731843575419
2026-10-05,FEDERALBNK,NEAR,2026-11-23,329.95,330.0,11.55,12.0,23.55,7.13744506743446
2026-10-05,FORCEMOT,CURRENT,2026-10-27,16541.0,16500.0,602.0,574.15,1176.15,7.110513270056225
2026-10-05,FORCEMOT,FAR,2026-12-29,16495.0,16500.0,2217.2,1570.45,3787.65,22.962412852379508
2026-10-05,FORCEMOT,NEAR,2026-11-23,16498.0,16500.0,1757.1,1205.55,2962.65,17.957631228027637
2026-10-05,FORTIS,CURRENT,2026-10-27,770.1,770.0,22.6,22.0,44.6,5.791455655109726
2026-10-05,FORTIS,FAR,2026-12-29,776.6,780.0,81.9,28.5,110.4,14.215812516095802
2026-10-05,FORTIS,NEAR,2026-11-23,773.95,770.0,75.6,16.75,92.35,11.932295367917822
2026-10-05,GAIL,CURRENT,2026-10-27,167.92,167.5,4.05,3.5,7.55,4.49618866126727
2026-10-05,GAIL,FAR,2026-12-29,169.48,170.0,12.06,9.53,21.59,12.73896624970498
2026-10-05,GAIL,NEAR,2026-11-23,168.89,170.0,5.97,6.2,12.17,7.205873645568121
2026-10-05,GLENMARK,CURRENT,2026-10-27,2299.3,2300.0,61.55,61.9,123.45,5.36902535554299
2026-10-05,GLENMARK,FAR,2026-12-29,2322.0,2320.0,252.75,97.3,350.05,15.075366063738157
2026-10-05,GLENMARK,NEAR,2026-11-23,2305.8,2300.0,223.95,90.0,313.95,13.61566484517304
2026-10-05,GMRAIRPORT,CURRENT,2026-10-27,92.87,93.0,2.48,2.56,5.04,5.426940885108215
2026-10-05,GMRAIRPORT,FAR,2026-12-29,94.28,94.0,7.58,6.45,14.03,14.881204921510395
2026-10-05,GMRAIRPORT,NEAR,2026-11-23,93.27,93.0,6.26,3.41,9.67,10.367749544333655
2026-10-05,GODFRYPHLP,CURRENT,2026-10-27,1887.3,1880.0,60.95,127.6,188.55,9.990462565569864
2026-10-05,GODFRYPHLP,FAR,2026-12-29,1852.4,1840.0,242.7,193.7,436.4,23.55862664651263
2026-10-05,GODFRYPHLP,NEAR,2026-11-23,1876.4,1880.0,170.85,172.15,343.0,18.27968450223833
2026-10-05,GODREJCP,CURRENT,2026-10-27,841.95,840.0,23.25,21.55,44.8,5.320981055882178
2026-10-05,GODREJCP,FAR,2026-12-29,844.0,840.0,69.25,41.9,111.15,13.169431279620856
2026-10-05,GODREJCP,NEAR,2026-11-23,841.3,840.0,123.05,25.55,148.6,17.66314037798645
2026-10-05,GODREJPROP,CURRENT,2026-10-27,1610.9,1620.0,50.15,59.85,110.0,6.828480973368924
2026-10-05,GODREJPROP,FAR,2026-12-29,1625.4,1640.0,150.6,132.2,282.79999999999995,17.398794142980186
2026-10-05,GODREJPROP,NEAR,2026-11-23,1618.4,1620.0,124.5,95.75,220.25,13.60912011863569
2026-10-05,GRASIM,CURRENT,2026-10-27,2983.8,2980.0,60.2,56.3,116.5,3.9044171861384807
2026-10-05,GRASIM,FAR,2026-12-29,3018.0,3000.0,247.55,103.6,351.15,11.635188866799204
2026-10-05,GRASIM,NEAR,2026-11-23,2999.9,3000.0,99.0,85.0,184.0,6.13353778459282
2026-10-05,GVT&D,CURRENT,2026-10-27,4250.1,4300.0,108.5,163.0,271.5,6.388084986235618
2026-10-05,GVT&D,FAR,2026-12-29,4293.1,4200.0,437.8,445.95,883.75,20.58535789988586
2026-10-05,GVT&D,NEAR,2026-11-23,4268.3,4300.0,287.2,418.7,705.9,16.53820022022819
2026-10-05,HAL,CURRENT,2026-10-27,4684.1,4700.0,104.95,119.95,224.9,4.801349245319271
2026-10-05,HAL,FAR,2026-12-29,4726.8,4700.0,285.15,367.0,652.15,13.796860455276295
2026-10-05,HAL,NEAR,2026-11-23,4710.6,4700.0,490.8,178.5,669.3,14.208381097949305
2026-10-05,HAVELLS,CURRENT,2026-10-27,1051.6,1050.0,30.65,28.7,59.35,5.643780905287182
2026-10-05,HAVELLS,FAR,2026-12-29,1049.5,1040.0,70.55,52.05,122.6,11.681753215817055
2026-10-05,HAVELLS,NEAR,2026-11-23,1049.2,1050.0,49.0,46.4,95.4,9.092642012962257
2026-10-05,HCLTECH,CURRENT,2026-10-27,1194.1,1190.0,45.0,40.9,85.9,7.193702369985765
2026-10-05,HCLTECH,FAR,2026-12-29,1205.1,1200.0,103.9,69.0,172.9,14.34735706580367
2026-10-05,HCLTECH,NEAR,2026-11-23,1201.2,1200.0,56.0,58.0,114.0,9.49050949050949
2026-10-05,HDFCAMC,CURRENT,2026-10-27,2363.2,2360.0,69.0,171.3,240.3,10.168415707515235
2026-10-05,HDFCAMC,FAR,2026-12-29,2385.0,2400.0,110.7,252.25,362.95,15.218029350104825
2026-10-05,HDFCAMC,NEAR,2026-11-23,2367.3,2360.0,83.35,199.1,282.45,11.931314155366872
2026-10-05,HDFCBANK,CURRENT,2026-10-27,706.2,710.0,15.45,19.45,34.9,4.941942792410082
2026-10-05,HDFCBANK,FAR,2026-12-29,713.8,720.0,30.4,34.8,65.19999999999999,9.134211263659289
2026-10-05,HDFCBANK,NEAR,2026-11-23,709.5,710.0,26.55,26.25,52.8,7.441860465116279
2026-10-05,HDFCLIFE,CURRENT,2026-10-27,531.4,530.0,15.4,14.65,30.05,5.654873917952578
2026-10-05,HDFCLIFE,FAR,2026-12-29,537.25,540.0,27.2,35.75,62.95,11.717077710563052
2026-10-05,HDFCLIFE,NEAR,2026-11-23,533.95,535.0,21.1,27.8,48.900000000000006,9.158160876486562
2026-10-05,HEROMOTOCO,CURRENT,2026-10-27,5074.5,5050.0,148.45,120.1,268.54999999999995,5.29214700955759
2026-10-05,HEROMOTOCO,FAR,2026-12-29,5102.0,5100.0,422.1,239.4,661.5,12.965503724029793
2026-10-05,HEROMOTOCO,NEAR,2026-11-23,5084.5,5100.0,195.0,182.35,377.35,7.42157537614318
2026-10-05,HINDALCO,CURRENT,2026-10-27,944.65,940.0,26.85,21.8,48.650000000000006,5.150055576139312
2026-10-05,HINDALCO,FAR,2026-12-29,955.0,960.0,70.3,61.05,131.35,13.75392670157068
2026-10-05,HINDALCO,NEAR,2026-11-23,948.7,950.0,58.0,44.35,102.35,10.7884473490039
2026-10-05,HINDPETRO,CURRENT,2026-10-27,344.5,345.0,9.65,10.1,19.75,5.732946298984035
2026-10-05,HINDPETRO,FAR,2026-12-29,345.15,350.0,30.45,26.15,56.6,16.398667246124873
2026-10-05,HINDPETRO,NEAR,2026-11-23,344.85,345.0,25.7,18.45,44.15,12.802667826591271
2026-10-05,HINDUNILVR,CURRENT,2026-10-27,1849.2,1840.0,45.2,35.5,80.7,4.36404931862427
2026-10-05,HINDUNILVR,FAR,2026-12-29,1850.6,1840.0,121.6,70.85,192.45,10.3993299470442
2026-10-05,HINDUNILVR,NEAR,2026-11-23,1840.2,1840.0,54.0,56.0,110.0,5.977611129225084
2026-10-05,HINDZINC,CURRENT,2026-10-27,563.9,560.0,20.9,16.9,37.8,6.703316190813974
2026-10-05,HINDZINC,FAR,2026-12-29,570.6,580.0,48.3,56.55,104.85,18.37539432176656
2026-10-05,HINDZINC,NEAR,2026-11-23,567.0,570.0,39.65,37.55,77.19999999999999,13.615520282186946
2026-10-05,HYUNDAI,CURRENT,2026-10-27,2001.0,2000.0,57.35,55.7,113.05,5.649675162418792
2026-10-05,HYUNDAI,FAR,2026-12-29,1969.7,1960.0,234.25,65.5,299.75,15.218053510686907
2026-10-05,HYUNDAI,NEAR,2026-11-23,1979.9,1980.0,187.35,49.75,237.1,11.975352290519725
2026-10-05,ICICIBANK,CURRENT,2026-10-27,1335.9,1340.0,26.0,30.3,56.3,4.214387304438954
2026-10-05,ICICIBANK,FAR,2026-12-29,1349.4,1340.0,45.9,74.05,119.95,8.889135912257299
2026-10-05,ICICIBANK,NEAR,2026-11-23,1342.5,1340.0,37.65,36.0,73.65,5.486033519553073
2026-10-05,ICICIGI,CURRENT,2026-10-27,1587.2,1580.0,48.45,42.1,90.55,5.705015120967742
2026-10-05,ICICIGI,FAR,2026-12-29,1573.0,1560.0,83.6,105.75,189.35,12.037507946598854
2026-10-05,ICICIGI,NEAR,2026-11-23,1593.9,1600.0,55.0,92.0,147.0,9.22266139657444
2026-10-05,ICICIPRULI,CURRENT,2026-10-27,453.3,455.0,14.2,16.3,30.5,6.728435914405472
2026-10-05,ICICIPRULI,FAR,2026-12-29,451.75,450.0,29.35,28.2,57.55,12.7393469839513
2026-10-05,ICICIPRULI,NEAR,2026-11-23,452.15,450.0,73.85,18.4,92.25,20.402521287183458
2026-10-05,IDEA,CURRENT,2026-10-27,12.84,13.0,0.47,0.61,1.08,8.41121495327103
2026-10-05,IDEA,FAR,2026-12-29,12.96,12.0,2.46,0.72,3.18,24.53703703703703
2026-10-05,IDEA,NEAR,2026-11-23,12.91,13.0,0.77,0.83,1.6,12.393493415956623
2026-10-05,IDFCFIRSTB,CURRENT,2026-10-27,82.21,82.0,2.63,2.39,5.02,6.106313100596035
2026-10-05,IDFCFIRSTB,FAR,2026-12-29,83.25,84.0,3.64,7.69,11.33,13.60960960960961
2026-10-05,IDFCFIRSTB,NEAR,2026-11-23,82.63,83.0,3.3,6.1,9.4,11.376013554399128
2026-10-05,IEX,CURRENT,2026-10-27,104.43,104.0,6.69,2.48,9.17,8.781001627884708
2026-10-05,IEX,NEAR,2026-11-23,104.6,105.0,5.53,3.25,8.780000000000001,8.393881453154878
2026-10-05,INDHOTEL,CURRENT,2026-10-27,726.65,730.0,15.1,18.45,33.55,4.617078373357187
2026-10-05,INDHOTEL,FAR,2026-12-29,732.7,740.0,38.65,53.45,92.1,12.569946772212363
2026-10-05,INDHOTEL,NEAR,2026-11-23,730.15,730.0,31.0,40.15,71.15,9.74457303293844
2026-10-05,INDIANB,CURRENT,2026-10-27,810.15,810.0,25.3,25.0,50.3,6.208726778991545
2026-10-05,INDIANB,FAR,2026-12-29,810.75,820.0,54.55,67.3,121.85,15.029293863706444
2026-10-05,INDIANB,NEAR,2026-11-23,812.75,810.0,43.4,50.95,94.35,11.60873577360812
2026-10-05,INDIGO,CURRENT,2026-10-27,4945.0,4950.0,138.4,146.2,284.6,5.75530839231547
2026-10-05,INDIGO,FAR,2026-12-29,4995.0,5000.0,300.0,401.6,701.6,14.046046046046046
2026-10-05,INDIGO,NEAR,2026-11-23,4965.4,4950.0,273.3,189.1,462.4,9.312442099327344
2026-10-05,INDUSINDBK,CURRENT,2026-10-27,890.1,890.0,28.05,26.9,54.95,6.173463655769015
2026-10-05,INDUSINDBK,FAR,2026-12-29,902.5,900.0,65.0,73.8,138.8,15.379501385041552
2026-10-05,INDUSINDBK,NEAR,2026-11-23,894.05,890.0,51.75,55.85,107.6,12.035121078239472
2026-10-05,INDUSTOWER,CURRENT,2026-10-27,380.85,380.0,10.2,9.4,19.6,5.14638309045556
2026-10-05,INDUSTOWER,FAR,2026-12-29,382.9,380.0,22.1,29.0,51.1,13.345521023765995
2026-10-05,INDUSTOWER,NEAR,2026-11-23,382.75,385.0,15.0,27.75,42.75,11.16917047681254
2026-10-05,INFY,CURRENT,2026-10-27,1023.55,1020.0,38.9,35.6,74.5,7.278589223779981
2026-10-05,INFY,FAR,2026-12-29,1032.3,1040.0,56.2,76.15,132.35000000000002,12.820885401530566
2026-10-05,INFY,NEAR,2026-11-23,1027.35,1020.0,53.05,49.15,102.2,9.94792427118314
2026-10-05,INOXWIND,CURRENT,2026-10-27,68.06,68.0,6.1,2.26,8.36,12.283279459300616
2026-10-05,INOXWIND,FAR,2026-12-29,68.6,68.0,9.47,4.97,14.44,21.049562682215747
2026-10-05,INOXWIND,NEAR,2026-11-23,68.36,68.0,7.75,3.65,11.4,16.676418958455237
2026-10-05,IOC,CURRENT,2026-10-27,131.12,131.0,5.04,3.13,8.17,6.230933496034167
2026-10-05,IOC,FAR,2026-12-29,132.41,132.0,8.86,7.6,16.46,12.431085265463334
2026-10-05,IOC,NEAR,2026-11-23,131.67,132.0,6.66,6.16,12.82,9.736462368041316
2026-10-05,IREDA,CURRENT,2026-10-27,107.73,107.5,3.81,3.49,7.300000000000001,6.7761997586559
2026-10-05,IREDA,NEAR,2026-11-23,105.11,105.0,5.0,5.55,10.55,10.037103986300068
2026-10-05,IRFC,CURRENT,2026-10-27,75.83,76.0,2.3,2.5,4.8,6.329948569167875
2026-10-05,IRFC,FAR,2026-12-29,74.51,74.0,10.11,2.77,12.88,17.286270299288685
2026-10-05,IRFC,NEAR,2026-11-23,74.87,75.0,8.05,3.5,11.55,15.426739682115668
2026-10-05,ITC,CURRENT,2026-10-27,269.6,270.0,4.85,5.4,10.25,3.8019287833827886
2026-10-05,ITC,FAR,2026-12-29,272.5,270.0,9.2,13.05,22.25,8.1651376146789
2026-10-05,ITC,NEAR,2026-11-23,270.8,270.0,8.2,7.25,15.45,5.705317577548005
2026-10-05,JINDALSTEL,CURRENT,2026-10-27,1098.0,1100.0,29.35,30.3,59.650000000000006,5.432604735883425
2026-10-05,JINDALSTEL,FAR,2026-12-29,1107.0,1120.0,89.65,63.25,152.9,13.812104787714544
2026-10-05,JINDALSTEL,NEAR,2026-11-23,1104.1,1100.0,48.0,46.65,94.65,8.572593062222627
2026-10-05,JIOFIN,CURRENT,2026-10-27,212.78,212.5,6.57,6.23,12.8,6.015602970203967
2026-10-05,JIOFIN,FAR,2026-12-29,215.06,215.0,17.89,12.18,30.07,13.982144517808983
2026-10-05,JIOFIN,NEAR,2026-11-23,214.03,215.0,8.36,9.86,18.22,8.512825304863805
2026-10-05,JSWENERGY,CURRENT,2026-10-27,491.7,490.0,15.25,13.2,28.45,5.786048403498068
2026-10-05,JSWENERGY,FAR,2026-12-29,494.0,500.0,43.25,34.75,78.0,15.789473684210526
2026-10-05,JSWENERGY,NEAR,2026-11-23,494.3,490.0,38.4,22.9,61.3,12.401375682783735
2026-10-05,JSWSTEEL,CURRENT,2026-10-27,1236.9,1240.0,29.2,32.4,61.6,4.980192416525183
2026-10-05,JSWSTEEL,FAR,2026-12-29,1248.6,1240.0,99.25,48.7,147.95,11.849271183725772
2026-10-05,JSWSTEEL,NEAR,2026-11-23,1240.1,1240.0,132.4,33.65,166.05,13.390049189581488
2026-10-05,JUBLFOOD,CURRENT,2026-10-27,447.6,450.0,13.7,16.5,30.2,6.747095621090258
2026-10-05,JUBLFOOD,FAR,2026-12-29,441.75,440.0,51.25,21.8,73.05,16.536502546689302
2026-10-05,JUBLFOOD,NEAR,2026-11-23,443.95,440.0,91.05,9.55,100.6,22.660209483049893
2026-10-05,KALYANKJIL,CURRENT,2026-10-27,558.85,560.0,23.65,24.8,48.45,8.669589335242014
2026-10-05,KALYANKJIL,FAR,2026-12-29,564.1,560.0,71.95,54.85,126.8,22.47828399219997
2026-10-05,KALYANKJIL,NEAR,2026-11-23,561.35,560.0,102.0,30.9,132.9,23.675069030016925
2026-10-05,KAYNES,CURRENT,2026-10-27,3365.3,3350.0,168.8,136.35,305.15,9.067542269634208
2026-10-05,KAYNES,FAR,2026-12-29,3303.0,3300.0,565.3,305.45,870.75,26.362397820163487
2026-10-05,KAYNES,NEAR,2026-11-23,3320.8,3300.0,875.65,129.35,1005.0,30.26379185738376
2026-10-05,KEI,CURRENT,2026-10-27,4631.8,4600.0,166.35,134.15,300.5,6.487758538797012
2026-10-05,KEI,FAR,2026-12-29,4620.0,4600.0,374.8,446.45,821.25,17.775974025974026
2026-10-05,KEI,NEAR,2026-11-23,4628.0,4600.0,1156.45,100.15,1256.6,27.152117545375976
2026-10-05,KFINTECH,CURRENT,2026-10-27,854.4,860.0,26.95,31.8,58.75,6.87617041198502
2026-10-05,KFINTECH,FAR,2026-12-29,837.0,840.0,79.35,68.85,148.2,17.706093189964157
2026-10-05,KFINTECH,NEAR,2026-11-23,842.35,840.0,45.0,29.55,74.55,8.850240398884074
2026-10-05,KOTAKBANK,CURRENT,2026-10-27,418.65,420.0,9.15,10.75,19.9,4.7533739400453845
2026-10-05,KOTAKBANK,FAR,2026-12-29,423.85,420.0,17.75,11.95,29.7,7.0071959419606
2026-10-05,KOTAKBANK,NEAR,2026-11-23,420.95,420.0,14.0,13.0,27.0,6.414063427960566
2026-10-05,KPITTECH,CURRENT,2026-10-27,492.95,490.0,20.25,17.1,37.35,7.576833350238362
2026-10-05,KPITTECH,FAR,2026-12-29,497.0,500.0,63.5,36.5,100.0,20.12072434607646
2026-10-05,KPITTECH,NEAR,2026-11-23,495.15,500.0,31.85,33.0,64.85,13.097041300615974
2026-10-05,LAURUSLABS,CURRENT,2026-10-27,1971.1,1980.0,61.25,69.2,130.45,6.618132007508498
2026-10-05,LAURUSLABS,FAR,2026-12-29,1991.9,2000.0,148.25,139.95,288.2,14.46859782117576
2026-10-05,LAURUSLABS,NEAR,2026-11-23,1980.8,1980.0,115.7,103.75,219.45,11.078857027463652
2026-10-05,LICHSGFIN,CURRENT,2026-10-27,507.75,510.0,13.75,15.9,29.65,5.839487936976859
2026-10-05,LICHSGFIN,FAR,2026-12-29,512.35,510.0,62.05,16.1,78.15,15.253244852151852
2026-10-05,LICHSGFIN,NEAR,2026-11-23,509.45,510.0,53.6,10.6,64.2,12.601825498086171
2026-10-05,LICI,CURRENT,2026-10-27,389.55,390.0,8.45,8.9,17.35,4.453857014503915
2026-10-05,LICI,FAR,2026-12-29,393.8,390.0,27.75,22.05,49.8,12.64601320467242
2026-10-05,LICI,NEAR,2026-11-23,391.25,390.0,15.4,13.5,28.9,7.386581469648562
2026-10-05,LODHA,CURRENT,2026-10-27,1138.6,1140.0,41.35,41.95,83.30000000000001,7.316002107851749
2026-10-05,LODHA,FAR,2026-12-29,1134.5,1120.0,106.3,103.3,209.6,18.475099162626705
2026-10-05,LODHA,NEAR,2026-11-23,1130.0,1120.0,222.7,44.95,267.65,23.6858407079646
2026-10-05,LT,CURRENT,2026-10-27,3753.7,3750.0,79.05,76.05,155.1,4.131923169139782
2026-10-05,LT,FAR,2026-12-29,3793.9,3800.0,224.15,219.4,443.55,11.691135770579088
2026-10-05,LT,NEAR,2026-11-23,3774.7,3750.0,188.55,156.15,344.70000000000005,9.131851537870562
2026-10-05,LTF,CURRENT,2026-10-27,263.65,265.0,9.15,10.15,19.3,7.320311018395601
2026-10-05,LTF,FAR,2026-12-29,262.7,260.0,30.5,15.6,46.1,17.548534449942903
2026-10-05,LTF,NEAR,2026-11-23,263.0,265.0,12.0,13.65,25.65,9.752851711026617
2026-10-05,LTM,CURRENT,2026-10-27,3979.7,4000.0,135.2,156.6,291.79999999999995,7.332210970676181
2026-10-05,LTM,FAR,2026-12-29,3849.2,3800.0,403.2,211.55,614.75,15.970851085939936
2026-10-05,LTM,NEAR,2026-11-23,3902.0,3900.0,218.5,186.0,404.5,10.366478728856997
2026-10-05,LUPIN,CURRENT,2026-10-27,2011.4,2020.0,39.45,49.05,88.5,4.399920453415531
2026-10-05,LUPIN,FAR,2026-12-29,2031.0,2040.0,129.75,87.75,217.5,10.70901033973412
2026-10-05,LUPIN,NEAR,2026-11-23,2020.6,2020.0,89.6,60.75,150.35,7.440859150747303
2026-10-05,M&M,CURRENT,2026-10-27,2871.8,2850.0,79.6,57.6,137.2,4.777491468765234
2026-10-05,M&M,FAR,2026-12-29,2908.0,2900.0,238.5,148.25,386.75,13.299518569463547
2026-10-05,M&M,NEAR,2026-11-23,2884.3,2900.0,99.0,113.0,212.0,7.350136948306347
2026-10-05,MAHABANK,CURRENT,2026-10-27,81.0,81.0,3.07,2.91,5.98,7.382716049382716
2026-10-05,MAHABANK,FAR,2026-12-29,82.19,82.0,6.09,7.73,13.82,16.814697651782456
2026-10-05,MAHABANK,NEAR,2026-11-23,81.24,81.0,4.79,5.91,10.7,13.170851797144264
2026-10-05,MANAPPURAM,CURRENT,2026-10-27,312.15,310.0,10.55,8.5,19.05,6.102835175396445
2026-10-05,MANAPPURAM,FAR,2026-12-29,308.0,310.0,32.1,21.15,53.25,17.28896103896104
2026-10-05,MANAPPURAM,NEAR,2026-11-23,313.0,315.0,22.85,18.6,41.45,13.242811501597446
2026-10-05,MANKIND,CURRENT,2026-10-27,2475.8,2480.0,64.2,67.8,132.0,5.3316099846514255
2026-10-05,MANKIND,FAR,2026-12-29,2467.0,2480.0,221.1,119.75,340.85,13.816376165383057
2026-10-05,MANKIND,NEAR,2026-11-23,2471.2,2480.0,118.9,197.05,315.95000000000005,12.785286500485595
2026-10-05,MARICO,CURRENT,2026-10-27,793.15,790.0,17.9,14.4,32.3,4.072369665258778
2026-10-05,MARICO,FAR,2026-12-29,804.85,800.0,37.05,38.15,75.19999999999999,9.343355904826984
2026-10-05,MARICO,NEAR,2026-11-23,795.6,800.0,74.75,37.25,112.0,14.077425842131724
2026-10-05,MARUTI,CURRENT,2026-10-27,11527.0,11500.0,280.35,250.15,530.5,4.602238223301813
2026-10-05,MARUTI,FAR,2026-12-29,11670.0,11600.0,892.3,445.35,1337.65,11.46229648671808
2026-10-05,MARUTI,NEAR,2026-11-23,11594.0,11600.0,2331.5,81.2,2412.7,20.80990167327928
2026-10-05,MAXHEALTH,CURRENT,2026-10-27,920.05,920.0,28.3,28.3,56.6,6.1518395739362
2026-10-05,MAXHEALTH,FAR,2026-12-29,920.0,920.0,109.7,34.1,143.8,15.630434782608695
2026-10-05,MAXHEALTH,NEAR,2026-11-23,920.25,920.0,41.0,40.0,81.0,8.80195599022005
2026-10-05,MAZDOCK,CURRENT,2026-10-27,2078.5,2080.0,70.55,99.95,170.5,8.203031031994227
2026-10-05,MAZDOCK,FAR,2026-12-29,2082.5,2080.0,212.8,175.2,388.0,18.631452581032413
2026-10-05,MAZDOCK,NEAR,2026-11-23,2073.8,2080.0,164.05,138.5,302.55,14.589159996142348
2026-10-05,MCX,CURRENT,2026-10-27,3180.2,3200.0,114.8,134.7,249.5,7.845418527136659
2026-10-05,MCX,FAR,2026-12-29,3208.0,3200.0,340.2,200.0,540.2,16.83915211970075
2026-10-05,MCX,NEAR,2026-11-23,3192.9,3200.0,210.85,175.1,385.95,12.0877572113126
2026-10-05,MFSL,CURRENT,2026-10-27,1356.8,1360.0,40.95,43.85,84.80000000000001,6.250000000000002
2026-10-05,MFSL,FAR,2026-12-29,1371.0,1360.0,125.7,73.4,199.1,14.522246535375642
2026-10-05,MFSL,NEAR,2026-11-23,1364.3,1360.0,268.95,45.0,313.95,23.01180092355054
2026-10-05,MOTHERSON,CURRENT,2026-10-27,156.9,157.5,4.21,4.66,8.870000000000001,5.653282345442958
2026-10-05,MOTHERSON,FAR,2026-12-29,158.35,160.0,13.33,12.42,25.75,16.26144616356173
2026-10-05,MOTHERSON,NEAR,2026-11-23,157.91,157.5,11.24,8.78,20.02,12.67810778291432
2026-10-05,MOTILALOFS,CURRENT,2026-10-27,1015.2,1020.0,32.2,37.5,69.7,6.865642237982664
2026-10-05,MOTILALOFS,FAR,2026-12-29,1025.0,1040.0,85.35,113.95,199.3,19.44390243902439
2026-10-05,MOTILALOFS,NEAR,2026-11-23,1021.85,1020.0,69.4,84.1,153.5,15.021774233008758
2026-10-05,MPHASIS,CURRENT,2026-10-27,2297.2,2300.0,74.55,78.9,153.45,6.679871147483893
2026-10-05,MPHASIS,FAR,2026-12-29,2338.0,2300.0,110.95,222.85,333.8,14.27715996578272
2026-10-05,MPHASIS,NEAR,2026-11-23,2311.2,2300.0,267.75,101.65,369.4,15.983039113880237
2026-10-05,MUTHOOTFIN,CURRENT,2026-10-27,2717.0,2700.0,91.5,74.15,165.65,6.096797938903202
2026-10-05,MUTHOOTFIN,FAR,2026-12-29,2754.3,2800.0,222.45,244.6,467.05,16.957121591692985
2026-10-05,MUTHOOTFIN,NEAR,2026-11-23,2731.8,2750.0,186.1,174.9,361.0,13.214730214510578
2026-10-05,NAM-INDIA,CURRENT,2026-10-27,1054.8,1060.0,30.6,34.85,65.45,6.204967766401214
2026-10-05,NAM-INDIA,FAR,2026-12-29,1040.0,1040.0,119.15,75.9,195.05,18.754807692307693
2026-10-05,NAM-INDIA,NEAR,2026-11-23,1046.4,1040.0,233.4,33.55,266.95,25.511276758409785
2026-10-05,NATIONALUM,CURRENT,2026-10-27,340.05,340.0,11.5,11.45,22.95,6.749007498897221
2026-10-05,NATIONALUM,FAR,2026-12-29,342.0,340.0,40.05,28.4,68.44999999999999,20.014619883040933
2026-10-05,NATIONALUM,NEAR,2026-11-23,340.0,340.0,19.65,19.45,39.1,11.499999999999998
2026-10-05,NAUKRI,CURRENT,2026-10-27,1208.4,1200.0,44.8,35.35,80.15,6.632737504137702
2026-10-05,NAUKRI,FAR,2026-12-29,1210.0,1200.0,127.7,65.1,192.8,15.93388429752066
2026-10-05,NAUKRI,NEAR,2026-11-23,1211.0,1220.0,92.5,56.7,149.2,12.32039636663914
2026-10-05,NBCC,CURRENT,2026-10-27,76.56,77.0,2.16,2.57,4.73,6.17816091954023
2026-10-05,NBCC,FAR,2026-12-29,77.65,78.0,7.47,6.32,13.79,17.75917578879588
2026-10-05,NBCC,NEAR,2026-11-23,76.8,77.0,6.22,4.53,10.75,13.997395833333334
2026-10-05,NESTLEIND,CURRENT,2026-10-27,1305.2,1310.0,31.9,36.1,68.0,5.209929512718357
2026-10-05,NESTLEIND,FAR,2026-12-29,1322.5,1320.0,90.8,45.8,136.6,10.3289224952741
2026-10-05,NESTLEIND,NEAR,2026-11-23,1313.6,1310.0,78.3,30.95,109.25,8.31683922046285
2026-10-05,NHPC,CURRENT,2026-10-27,72.06,72.0,1.71,1.65,3.36,4.6627810158201495
2026-10-05,NHPC,FAR,2026-12-29,71.97,72.0,5.83,2.0,7.83,10.879533138807837
2026-10-05,NHPC,NEAR,2026-11-23,71.97,72.0,8.15,1.5,9.65,13.408364596359595
2026-10-05,NIFTY,CURRENT,2026-10-27,22620.8,22600.0,321.2,299.0,620.2,2.7417244306125337
2026-10-05,NIFTY,FAR,2026-12-29,22845.8,22850.0,556.55,542.55,1099.1,4.8109499339047
2026-10-05,NIFTY,NEAR,2026-11-23,22722.8,22700.0,450.4,426.35,876.75,3.8584593447990567
2026-10-05,NIFTYFPI,CURRENT,2026-10-27,1477.85,1480.0,137.55,8.8,146.35000000000002,9.902899482356126
2026-10-05,NIFTYFPI,FAR,2026-12-29,1495.45,1495.0,48.5,48.1,96.6,6.459594102109732
2026-10-05,NIFTYFPI,NEAR,2026-11-23,1425.2,1425.0,184.0,4.2,188.2,13.205164187482458
2026-10-05,NMDC,CURRENT,2026-10-27,74.09,74.0,2.2,2.15,4.35,5.871237683897961
2026-10-05,NMDC,FAR,2026-12-29,75.08,76.0,6.45,4.33,10.78,14.358018114011722
2026-10-05,NMDC,NEAR,2026-11-23,74.36,74.0,14.35,1.31,15.66,21.05970952124798
2026-10-05,NTPC,CURRENT,2026-10-27,322.15,322.5,5.2,5.9,11.1,3.44559987583424
2026-10-05,NTPC,FAR,2026-12-29,323.0,325.0,17.6,14.3,31.9,9.876160990712076
2026-10-05,NTPC,NEAR,2026-11-23,321.5,322.5,14.4,10.5,24.9,7.744945567651633
2026-10-05,NYKAA,CURRENT,2026-10-27,338.5,340.0,8.35,9.7,18.05,5.332348596750369
2026-10-05,NYKAA,FAR,2026-12-29,340.15,340.0,19.0,26.65,45.65,13.420549757459948
2026-10-05,NYKAA,NEAR,2026-11-23,338.55,340.0,22.2,23.15,45.35,13.395362575690442
2026-10-05,OBEROIRLTY,CURRENT,2026-10-27,1762.8,1760.0,59.1,54.9,114.0,6.466984343090538
2026-10-05,OBEROIRLTY,FAR,2026-12-29,1770.0,1760.0,138.55,109.85,248.4,14.033898305084747
2026-10-05,OBEROIRLTY,NEAR,2026-11-23,1765.5,1760.0,213.6,67.45,281.05,15.9190031152648
2026-10-05,OFSS,CURRENT,2026-10-27,10510.0,10500.0,429.9,411.3,841.2,8.003805899143673
2026-10-05,OFSS,FAR,2026-12-29,10360.0,10500.0,880.9,821.1,1702.0,16.428571428571427
2026-10-05,OFSS,NEAR,2026-11-23,10362.0,10250.0,786.75,539.7,1326.45,12.80110017371164
2026-10-05,OIL,CURRENT,2026-10-27,446.75,445.0,12.6,10.8,23.4,5.23782876329043
2026-10-05,OIL,FAR,2026-12-29,450.0,450.0,44.3,28.3,72.6,16.133333333333333
2026-10-05,OIL,NEAR,2026-11-23,446.4,445.0,37.9,19.5,57.4,12.8584229390681
2026-10-05,ONGC,CURRENT,2026-10-27,225.91,225.0,5.19,4.16,9.35,4.138816342791378
2026-10-05,ONGC,FAR,2026-12-29,228.22,230.0,15.0,11.63,26.630000000000003,11.668565419332223
2026-10-05,ONGC,NEAR,2026-11-23,226.86,227.5,12.69,8.17,20.86,9.195098298510093
2026-10-05,PAGEIND,CURRENT,2026-10-27,37570.0,37500.0,1051.75,961.15,2012.9,5.35773223316476
2026-10-05,PAGEIND,FAR,2026-12-29,37865.0,38000.0,1820.75,2684.0,4504.75,11.89687046084775
2026-10-05,PAGEIND,NEAR,2026-11-23,37565.0,37500.0,1446.9,2033.9,3480.8,9.26607214162119
2026-10-05,PATANJALI,CURRENT,2026-10-27,356.0,355.0,13.0,12.05,25.05,7.036516853932584
2026-10-05,PATANJALI,FAR,2026-12-29,359.0,360.0,36.2,19.55,55.75,15.529247910863509
2026-10-05,PATANJALI,NEAR,2026-11-23,358.5,360.0,22.55,26.3,48.85,13.626220362622036
2026-10-05,PAYTM,CURRENT,2026-10-27,1690.6,1700.0,56.2,65.1,121.3,7.1749674671714185
2026-10-05,PAYTM,FAR,2026-12-29,1704.0,1720.0,167.8,179.6,347.4,20.38732394366197
2026-10-05,PAYTM,NEAR,2026-11-23,1698.0,1700.0,74.5,90.0,164.5,9.687868080094228
2026-10-05,PERSISTENT,CURRENT,2026-10-27,5521.0,5500.0,217.0,194.95,411.95,7.461510595906538
2026-10-05,PERSISTENT,FAR,2026-12-29,5502.0,5600.0,295.05,651.0,946.05,17.19465648854962
2026-10-05,PERSISTENT,NEAR,2026-11-23,5517.0,5500.0,300.0,512.1,812.1,14.719956498096792
2026-10-05,PETRONET,CURRENT,2026-10-27,288.75,287.5,9.4,12.65,22.05,7.636363636363637
2026-10-05,PETRONET,FAR,2026-12-29,289.7,290.0,18.3,21.1,39.400000000000006,13.600276147739043
2026-10-05,PETRONET,NEAR,2026-11-23,288.7,287.5,14.3,16.3,30.6,10.599237963283686
2026-10-05,PFC,CURRENT,2026-10-27,323.4,325.0,7.7,9.25,16.95,5.241187384044528
2026-10-05,PFC,FAR,2026-12-29,324.55,320.0,28.75,20.0,48.75,15.020798028038824
2026-10-05,PFC,NEAR,2026-11-23,323.6,325.0,9.45,18.0,27.45,8.482694684796044
2026-10-05,PGEL,CURRENT,2026-10-27,489.55,490.0,16.65,16.7,33.349999999999994,6.812378715146562
2026-10-05,PGEL,FAR,2026-12-29,494.6,500.0,55.95,55.45,111.4,22.523251112009703
2026-10-05,PGEL,NEAR,2026-11-23,493.85,490.0,46.9,25.25,72.15,14.60969930140731
2026-10-05,PHOENIXLTD,CURRENT,2026-10-27,1943.5,1940.0,59.6,55.0,114.6,5.89657833804991
2026-10-05,PHOENIXLTD,FAR,2026-12-29,1950.0,1960.0,138.75,141.05,279.8,14.348717948717947
2026-10-05,PHOENIXLTD,NEAR,2026-11-23,1941.0,1940.0,111.7,105.5,217.2,11.190108191653788
2026-10-05,PIDILITIND,CURRENT,2026-10-27,1488.0,1480.0,34.9,28.45,63.35,4.257392473118279
2026-10-05,PIDILITIND,FAR,2026-12-29,1487.8,1480.0,78.15,75.45,153.60000000000002,10.323968275305823
2026-10-05,PIDILITIND,NEAR,2026-11-23,1496.5,1500.0,48.3,74.0,122.3,8.172402271967925
2026-10-05,PIIND,CURRENT,2026-10-27,2217.3,2220.0,61.2,62.75,123.95,5.590132142696072
2026-10-05,PIIND,FAR,2026-12-29,2195.0,2200.0,223.1,102.1,325.2,14.815489749430524
2026-10-05,PIIND,NEAR,2026-11-23,2201.0,2200.0,118.0,66.0,184.0,8.359836437982734
2026-10-05,PNB,CURRENT,2026-10-27,112.48,112.0,3.54,3.03,6.57,5.841038406827881
2026-10-05,PNB,FAR,2026-12-29,113.7,114.0,7.21,7.79,15.0,13.192612137203168
2026-10-05,PNB,NEAR,2026-11-23,113.14,113.0,5.7,5.94,11.64,10.288138589358317
2026-10-05,PNBHOUSING,CURRENT,2026-10-27,1109.3,1100.0,40.35,31.45,71.8,6.472550256918777
2026-10-05,PNBHOUSING,FAR,2026-12-29,1102.1,1120.0,89.1,94.5,183.6,16.65910534434262
2026-10-05,PNBHOUSING,NEAR,2026-11-23,1115.0,1120.0,141.2,62.6,203.8,18.278026905829595
2026-10-05,POLICYBZR,CURRENT,2026-10-27,985.3,980.0,54.5,49.5,104.0,10.555160864711256
2026-10-05,POLICYBZR,FAR,2026-12-29,989.9,1000.0,83.2,95.05,178.25,18.00686938074553
2026-10-05,POLICYBZR,NEAR,2026-11-23,987.2,980.0,85.3,70.65,155.95,15.797204213938407
2026-10-05,POLYCAB,CURRENT,2026-10-27,8125.5,8100.0,243.5,215.25,458.75,5.645806411913113
2026-10-05,POLYCAB,FAR,2026-12-29,8168.5,8200.0,632.55,609.9,1242.4499999999998,15.210258921466608
2026-10-05,POLYCAB,NEAR,2026-11-23,8151.0,8200.0,290.0,300.0,590.0,7.238375659428291
2026-10-05,POWERGRID,CURRENT,2026-10-27,258.2,257.5,5.55,4.7,10.25,3.9697908597986062
2026-10-05,POWERGRID,FAR,2026-12-29,256.0,255.0,19.35,9.1,28.450000000000003,11.113281250000002
2026-10-05,POWERGRID,NEAR,2026-11-23,256.05,255.0,25.95,1.55,27.5,10.74008982620582
2026-10-05,POWERINDIA,CURRENT,2026-10-27,31570.0,31500.0,1075.8,1001.15,2076.95,6.57887234716503
2026-10-05,POWERINDIA,FAR,2026-12-29,31800.0,32000.0,2978.8,3774.95,6753.75,21.23820754716981
2026-10-05,POWERINDIA,NEAR,2026-11-23,31675.0,31500.0,2368.4,2853.65,5222.05,16.486345698500397
2026-10-05,PREMIERENE,CURRENT,2026-10-27,885.0,880.0,33.8,28.75,62.55,7.067796610169491
2026-10-05,PREMIERENE,FAR,2026-12-29,865.35,880.0,75.45,72.55,148.0,17.10290633847576
2026-10-05,PREMIERENE,NEAR,2026-11-23,883.3,880.0,192.3,56.5,248.8,28.16710064530737
2026-10-05,PRESTIGE,CURRENT,2026-10-27,1456.5,1460.0,48.65,51.65,100.3,6.886371438379676
2026-10-05,PRESTIGE,FAR,2026-12-29,1480.0,1480.0,103.6,144.4,248.0,16.756756756756758
2026-10-05,PRESTIGE,NEAR,2026-11-23,1459.3,1460.0,81.2,63.05,144.25,9.884876310559855
2026-10-05,RADICO,CURRENT,2026-10-27,4312.8,4300.0,152.4,131.95,284.35,6.59316453348173
2026-10-05,RADICO,FAR,2026-12-29,4361.7,4400.0,346.9,318.45,665.3499999999999,15.25437329481624
2026-10-05,RADICO,NEAR,2026-11-23,4329.6,4350.0,285.1,232.45,517.55,11.953760162601624
2026-10-05,RBLBANK,CURRENT,2026-10-27,416.7,415.0,13.25,11.6,24.85,5.9635229181665474
2026-10-05,RBLBANK,FAR,2026-12-29,419.5,420.0,27.25,39.1,66.35,15.816448152562574
2026-10-05,RBLBANK,NEAR,2026-11-23,418.75,420.0,18.65,49.0,67.65,16.155223880597017
2026-10-05,RECLTD,CURRENT,2026-10-27,297.0,295.0,9.25,7.25,16.5,5.555555555555555
2026-10-05,RECLTD,FAR,2026-12-29,293.55,290.0,25.25,18.55,43.8,14.92079713847726
2026-10-05,RECLTD,NEAR,2026-11-23,294.1,295.0,10.2,17.1,27.3,9.282556953417204
2026-10-05,RELIANCE,CURRENT,2026-10-27,1194.0,1190.0,29.9,25.8,55.7,4.66499162479062
2026-10-05,RELIANCE,FAR,2026-12-29,1207.2,1200.0,48.65,60.2,108.85,9.016732935719018
2026-10-05,RELIANCE,NEAR,2026-11-23,1200.0,1200.0,39.25,38.8,78.05,6.504166666666666
2026-10-05,RVNL,CURRENT,2026-10-27,197.05,197.5,6.96,6.77,13.73,6.967774676478052
2026-10-05,RVNL,FAR,2026-12-29,196.98,195.0,20.89,15.13,36.02,18.28612041831658
2026-10-05,RVNL,NEAR,2026-11-23,196.76,197.5,15.13,12.98,28.11,14.2864403334011
2026-10-05,SAGILITY,CURRENT,2026-10-27,42.72,43.0,1.32,1.55,2.87,6.718164794007491
2026-10-05,SAGILITY,FAR,2026-12-29,43.31,44.0,3.15,3.96,7.109999999999999,16.41653197875779
2026-10-05,SAGILITY,NEAR,2026-11-23,43.0,43.0,2.69,2.77,5.46,12.69767441860465
2026-10-05,SAIL,CURRENT,2026-10-27,176.0,175.0,11.82,18.34,30.16,17.136363636363637
2026-10-05,SAIL,FAR,2026-12-29,181.42,180.0,18.13,13.67,31.8,17.528387167897698
2026-10-05,SAIL,NEAR,2026-11-23,177.17,177.5,15.42,9.52,24.94,14.076875317491677
2026-10-05,SBICARD,CURRENT,2026-10-27,568.25,570.0,17.7,19.25,36.95,6.502419709634845
2026-10-05,SBICARD,FAR,2026-12-29,572.75,580.0,43.15,33.65,76.8,13.408991706678306
2026-10-05,SBICARD,NEAR,2026-11-23,569.85,570.0,26.8,22.2,49.0,8.59875405808546
2026-10-05,SBILIFE,CURRENT,2026-10-27,1720.7,1720.0,44.95,44.4,89.35,5.192654152379845
2026-10-05,SBILIFE,FAR,2026-12-29,1733.3,1720.0,110.7,70.5,181.2,10.454047193215253
2026-10-05,SBILIFE,NEAR,2026-11-23,1730.8,1740.0,75.3,55.0,130.3,7.528310607811417
2026-10-05,SBIN,CURRENT,2026-10-27,962.85,960.0,21.55,18.6,40.150000000000006,4.1699122397050425
2026-10-05,SBIN,FAR,2026-12-29,974.05,980.0,53.45,54.4,107.85,11.072326882603562
2026-10-05,SBIN,NEAR,2026-11-23,967.45,970.0,32.75,31.1,63.85,6.599824280324565
2026-10-05,SHREECEM,CURRENT,2026-10-27,22065.0,22000.0,602.7,549.8,1152.5,5.223204169499207
2026-10-05,SHREECEM,FAR,2026-12-29,21780.0,22000.0,1311.5,1000.0,2311.5,10.612947658402204
2026-10-05,SHREECEM,NEAR,2026-11-23,21985.0,22000.0,3089.35,1000.0,4089.35,18.60063679781669
2026-10-05,SHRIRAMFIN,CURRENT,2026-10-27,972.5,980.0,26.45,34.45,60.900000000000006,6.262210796915167
2026-10-05,SHRIRAMFIN,FAR,2026-12-29,975.15,960.0,93.15,67.6,160.75,16.484643388196687
2026-10-05,SHRIRAMFIN,NEAR,2026-11-23,973.55,980.0,62.95,62.75,125.7,12.911509424271994
2026-10-05,SIEMENS,CURRENT,2026-10-27,3717.8,3700.0,116.65,97.15,213.8,5.750712787132175
2026-10-05,SIEMENS,FAR,2026-12-29,3719.0,3700.0,311.9,247.7,559.5999999999999,15.047055660123688
2026-10-05,SIEMENS,NEAR,2026-11-23,3712.3,3700.0,571.8,126.35,698.15,18.80640034479972
2026-10-05,SOLARINDS,CURRENT,2026-10-27,19538.0,19500.0,673.65,637.6,1311.25,6.711280581431057
2026-10-05,SOLARINDS,FAR,2026-12-29,19780.0,20000.0,1235.6,2292.6,3528.2,17.83720930232558
2026-10-05,SOLARINDS,NEAR,2026-11-23,19629.0,19750.0,916.45,1841.05,2757.5,14.048092108614805
2026-10-05,SONACOMS,CURRENT,2026-10-27,798.6,800.0,27.25,27.75,55.0,6.887052341597796
2026-10-05,SONACOMS,FAR,2026-12-29,796.0,800.0,76.4,49.0,125.4,15.753768844221106
2026-10-05,SONACOMS,NEAR,2026-11-23,797.65,800.0,72.5,35.0,107.5,13.477088948787063
2026-10-05,SRF,CURRENT,2026-10-27,2458.9,2460.0,80.2,62.85,143.05,5.817642035056327
2026-10-05,SRF,FAR,2026-12-29,2507.0,2520.0,140.6,203.55,344.15,13.72756282409254
2026-10-05,SRF,NEAR,2026-11-23,2467.1,2460.0,122.35,140.4,262.75,10.65015605366625
2026-10-05,SUNPHARMA,CURRENT,2026-10-27,1780.5,1780.0,34.0,33.0,67.0,3.7629879247402416
2026-10-05,SUNPHARMA,FAR,2026-12-29,1796.0,1800.0,138.15,46.75,184.9,10.29510022271715
2026-10-05,SUNPHARMA,NEAR,2026-11-23,1788.7,1780.0,128.05,27.25,155.3,8.68228322245206
2026-10-05,SUPREMEIND,CURRENT,2026-10-27,3396.8,3400.0,100.2,101.0,201.2,5.923221855864342
2026-10-05,SUPREMEIND,FAR,2026-12-29,3457.2,3500.0,249.45,252.4,501.85,14.516082378803658
2026-10-05,SUPREMEIND,NEAR,2026-11-23,3403.0,3400.0,384.4,140.9,525.3,15.436379665001468
2026-10-05,SUZLON,CURRENT,2026-10-27,39.17,39.0,1.57,1.36,2.93,7.480214449834056
2026-10-05,SUZLON,FAR,2026-12-29,39.63,40.0,3.46,3.38,6.84,17.259651778955334
2026-10-05,SUZLON,NEAR,2026-11-23,39.45,39.0,2.44,2.0,4.44,11.254752851711023
2026-10-05,SWIGGY,CURRENT,2026-10-27,239.7,240.0,8.9,9.1,18.0,7.509386733416772
2026-10-05,SWIGGY,FAR,2026-12-29,242.15,240.0,31.95,14.7,46.65,19.2649184389841
2026-10-05,SWIGGY,NEAR,2026-11-23,241.0,240.0,15.0,12.55,27.55,11.431535269709544
2026-10-05,TATACONSUM,CURRENT,2026-10-27,955.75,960.0,19.35,23.9,43.25,4.525241956578603
2026-10-05,TATACONSUM,FAR,2026-12-29,965.0,960.0,64.55,42.8,107.35,11.124352331606218
2026-10-05,TATACONSUM,NEAR,2026-11-23,961.35,960.0,131.65,16.85,148.5,15.447027617413012
2026-10-05,TATAELXSI,CURRENT,2026-10-27,3110.7,3100.0,119.05,107.9,226.95,7.295785514514417
2026-10-05,TATAELXSI,FAR,2026-12-29,3105.0,3100.0,318.6,161.5,480.1,15.462157809983898
2026-10-05,TATAELXSI,NEAR,2026-11-23,3105.9,3100.0,668.25,150.0,818.25,26.34502076692746
2026-10-05,TATAPOWER,CURRENT,2026-10-27,352.2,350.0,8.45,6.15,14.6,4.145371947756956
2026-10-05,TATAPOWER,FAR,2026-12-29,355.55,360.0,22.25,17.95,40.2,11.306426662916609
2026-10-05,TATAPOWER,NEAR,2026-11-23,354.2,355.0,19.35,12.2,31.55,8.907396950875214
2026-10-05,TATASTEEL,CURRENT,2026-10-27,178.37,177.5,5.62,4.79,10.41,5.836183214666144
2026-10-05,TATASTEEL,FAR,2026-12-29,180.41,180.0,10.74,6.93,17.67,9.794357297267336
2026-10-05,TATASTEEL,NEAR,2026-11-23,179.32,180.0,7.6,7.62,15.22,8.48761989739014
2026-10-05,TCS,CURRENT,2026-10-27,2106.8,2100.0,71.0,65.05,136.05,6.457660907537497
2026-10-05,TCS,FAR,2026-12-29,2126.1,2120.0,109.7,166.25,275.95,12.9791637270119
2026-10-05,TCS,NEAR,2026-11-23,2115.6,2120.0,91.2,91.2,182.4,8.621667612024957
2026-10-05,TECHM,CURRENT,2026-10-27,1521.7,1520.0,48.5,47.0,95.5,6.275875665374252
2026-10-05,TECHM,FAR,2026-12-29,1521.1,1520.0,104.7,91.95,196.65,12.928144106238909
2026-10-05,TECHM,NEAR,2026-11-23,1523.4,1520.0,161.35,55.0,216.35,14.20178547984771
2026-10-05,TIINDIA,CURRENT,2026-10-27,2331.4,2350.0,66.65,80.4,147.05,6.3073689628549365
2026-10-05,TIINDIA,FAR,2026-12-29,2360.0,2400.0,220.45,172.3,392.75,16.641949152542374
2026-10-05,TIINDIA,NEAR,2026-11-23,2342.1,2350.0,196.55,112.65,309.20000000000005,13.2018274198369
2026-10-05,TITAN,CURRENT,2026-10-27,4589.5,4600.0,104.6,112.0,216.6,4.719468351672295
2026-10-05,TITAN,FAR,2026-12-29,4640.6,4600.0,331.7,189.3,521.0,11.226996509072102
2026-10-05,TITAN,NEAR,2026-11-23,4616.0,4600.0,167.95,142.55,310.5,6.726603119584055
2026-10-05,TMPV,CURRENT,2026-10-27,289.0,290.0,8.25,9.25,17.5,6.055363321799308
2026-10-05,TMPV,FAR,2026-12-29,291.7,290.0,18.65,23.45,42.1,14.432636270140552
2026-10-05,TMPV,NEAR,2026-11-23,290.3,290.0,13.85,12.9,26.75,9.214605580434034
2026-10-05,TORNTPHARM,CURRENT,2026-10-27,4780.8,4800.0,95.3,114.05,209.35,4.37897423025435
2026-10-05,TORNTPHARM,FAR,2026-12-29,4910.0,4900.0,296.75,230.95,527.7,10.74745417515275
2026-10-05,TORNTPHARM,NEAR,2026-11-23,4806.2,4800.0,374.2,170.0,544.2,11.322874620282136
2026-10-05,TRENT,CURRENT,2026-10-27,2591.6,2600.0,91.4,98.6,190.0,7.331378299120235
2026-10-05,TRENT,FAR,2026-12-29,2616.4,2600.0,152.0,180.7,332.7,12.715945574071242
2026-10-05,TRENT,NEAR,2026-11-23,2603.2,2600.0,135.0,128.55,263.55,10.124078057775048
2026-10-05,TVSMOTOR,CURRENT,2026-10-27,4033.8,4050.0,105.25,123.1,228.35,5.66091526600228
2026-10-05,TVSMOTOR,FAR,2026-12-29,4068.3,4100.0,292.9,241.75,534.65,13.141852862374948
2026-10-05,TVSMOTOR,NEAR,2026-11-23,4056.3,4050.0,247.5,170.4,417.9,10.302492419199764
2026-10-05,UJJIVANSFB,CURRENT,2026-10-27,67.08,67.0,2.4,2.36,4.76,7.096004770423376
2026-10-05,UJJIVANSFB,FAR,2026-12-29,67.64,68.0,5.18,6.93,12.11,17.90360733293909
2026-10-05,UJJIVANSFB,NEAR,2026-11-23,67.4,67.0,4.11,5.25,9.36,13.887240356083083
2026-10-05,ULTRACEMCO,CURRENT,2026-10-27,10909.0,10900.0,251.5,241.45,492.95,4.518745989549912
2026-10-05,ULTRACEMCO,FAR,2026-12-29,11048.0,11000.0,587.7,597.5,1185.2,10.727733526430123
2026-10-05,ULTRACEMCO,NEAR,2026-11-23,10970.0,11000.0,1030.9,327.5,1358.4,12.382862351868734
2026-10-05,UNIONBANK,CURRENT,2026-10-27,168.25,167.5,5.75,4.97,10.72,6.371471025260029
2026-10-05,UNIONBANK,FAR,2026-12-29,170.0,170.0,12.71,14.22,26.93,15.841176470588236
2026-10-05,UNIONBANK,NEAR,2026-11-23,169.0,170.0,7.0,7.25,14.25,8.431952662721894
2026-10-05,UNITDSPR,CURRENT,2026-10-27,1376.6,1380.0,34.1,38.15,72.25,5.248438181025716
2026-10-05,UNITDSPR,FAR,2026-12-29,1389.6,1400.0,71.4,87.85,159.25,11.46013241220495
2026-10-05,UNITDSPR,NEAR,2026-11-23,1383.0,1380.0,59.1,63.85,122.95,8.89009399855387
2026-10-05,UNOMINDA,CURRENT,2026-10-27,1097.4,1100.0,31.6,33.35,64.95,5.918534718425369
2026-10-05,UNOMINDA,FAR,2026-12-29,1107.0,1120.0,123.15,64.75,187.9,16.973803071364046
2026-10-05,UNOMINDA,NEAR,2026-11-23,1099.7,1100.0,112.0,40.25,152.25,13.844684914067471
2026-10-05,UPL,CURRENT,2026-10-27,502.55,505.0,13.2,15.6,28.8,5.730773057407222
2026-10-05,UPL,FAR,2026-12-29,506.9,510.0,59.85,24.35,84.2,16.610771355296905
2026-10-05,UPL,NEAR,2026-11-23,505.5,505.0,53.05,15.55,68.6,13.570722057368942
2026-10-05,VBL,CURRENT,2026-10-27,440.2,440.0,12.7,12.6,25.3,5.74738755111313
2026-10-05,VBL,FAR,2026-12-29,443.55,440.0,29.55,33.1,62.650000000000006,14.12467591026942
2026-10-05,VBL,NEAR,2026-11-23,441.95,440.0,12.75,29.95,42.7,9.661726439642496
2026-10-05,VEDL,CURRENT,2026-10-27,254.9,255.0,8.2,8.4,16.6,6.512357787367595
2026-10-05,VEDL,FAR,2026-12-29,257.3,260.0,24.0,20.2,44.2,17.17839098328799
2026-10-05,VEDL,NEAR,2026-11-23,256.0,255.0,20.95,13.65,34.6,13.515625
2026-10-05,VMM,CURRENT,2026-10-27,98.49,98.0,8.34,1.6,9.94,10.092395167022032
2026-10-05,VMM,FAR,2026-12-29,99.26,100.0,10.68,4.92,15.6,15.716300624622203
2026-10-05,VMM,NEAR,2026-11-23,98.65,99.0,9.39,3.21,12.6,12.772427774961988
2026-10-05,VOLTAS,CURRENT,2026-10-27,1059.8,1060.0,32.9,32.8,65.69999999999999,6.199282883562936
2026-10-05,VOLTAS,FAR,2026-12-29,1068.0,1080.0,95.75,69.95,165.7,15.514981273408235
2026-10-05,VOLTAS,NEAR,2026-11-23,1065.8,1060.0,85.2,45.8,131.0,12.29123662976168
2026-10-05,WAAREEENER,FAR,2026-12-29,2353.7,2360.0,240.6,186.0,426.6,18.12465479882738
2026-10-05,WAAREEENER,NEAR,2026-11-23,2347.8,2340.0,197.05,136.25,333.3,14.196268847431636
2026-10-05,WIPRO,CURRENT,2026-10-27,163.18,162.5,5.51,4.85,10.36,6.3488172570167904
2026-10-05,WIPRO,FAR,2026-12-29,162.48,160.0,9.21,10.07,19.28,11.86607582471689
2026-10-05,WIPRO,NEAR,2026-11-23,162.66,162.5,5.63,9.9,15.53,9.54752243944424
2026-10-05,YESBANK,CURRENT,2026-10-27,21.08,21.0,0.7,0.62,1.3199999999999998,6.261859582542694
2026-10-05,YESBANK,FAR,2026-12-29,21.34,22.0,1.13,2.09,3.22,15.08903467666354
2026-10-05,YESBANK,NEAR,2026-11-23,21.21,21.0,1.14,0.5,1.64,7.732201791607732
2026-10-05,ZYDUSLIFE,CURRENT,2026-10-27,1143.2,1140.0,33.2,29.7,62.900000000000006,5.502099370188943
2026-10-05,ZYDUSLIFE,FAR,2026-12-29,1146.5,1140.0,113.65,36.45,150.10000000000002,13.092019188835588
2026-10-05,ZYDUSLIFE,NEAR,2026-11-23,1149.6,1150.0,45.0,28.5,73.5,6.393528183716075
2026-10-06,360ONE,CURRENT,2026-10-27,1065.9,1060.0,34.8,29.25,64.05,6.009006473402757
2026-10-06,360ONE,FAR,2026-12-29,1056.0,1040.0,80.2,75.75,155.95,14.767992424242424
2026-10-06,360ONE,NEAR,2026-11-23,1064.9,1060.0,51.3,72.7,124.0,11.644285848436471
2026-10-06,ABB,CURRENT,2026-10-27,7151.0,7200.0,185.05,233.0,418.05,5.846035519507761
2026-10-06,ABB,FAR,2026-12-29,7196.0,7200.0,321.8,755.85,1077.65,14.975680933852145
2026-10-06,ABB,NEAR,2026-11-23,7172.5,7200.0,857.55,333.0,1190.55,16.59881491808993
2026-10-06,ABCAPITAL,CURRENT,2026-10-27,378.75,380.0,9.8,10.75,20.55,5.425742574257426
2026-10-06,ABCAPITAL,FAR,2026-12-29,383.3,380.0,31.75,28.2,59.95,15.64049047743282
2026-10-06,ABCAPITAL,NEAR,2026-11-23,381.1,380.0,16.0,17.0,33.0,8.65914458147468
2026-10-06,ADANIENSOL,CURRENT,2026-10-27,1359.4,1360.0,48.95,50.15,99.1,7.289980873914962
2026-10-06,ADANIENSOL,FAR,2026-12-29,1373.5,1360.0,118.2,152.45,270.65,19.705132872224244
2026-10-06,ADANIENSOL,NEAR,2026-11-23,1368.9,1360.0,69.6,52.75,122.35,8.937833296807655
2026-10-06,ADANIENT,CURRENT,2026-10-27,2860.4,2850.0,88.85,78.45,167.3,5.848832331142498
2026-10-06,ADANIENT,FAR,2026-12-29,2893.0,2900.0,329.2,213.8,543.0,18.769443484272383
2026-10-06,ADANIENT,NEAR,2026-11-23,2873.8,2850.0,289.5,141.3,430.8,14.990604774166608
2026-10-06,ADANIGREEN,CURRENT,2026-10-27,1315.2,1320.0,40.85,45.45,86.30000000000001,6.5617396593673964
2026-10-06,ADANIGREEN,FAR,2026-12-29,1320.1,1320.0,115.85,156.5,272.35,20.631012802060454
2026-10-06,ADANIGREEN,NEAR,2026-11-23,1322.1,1320.0,154.4,124.8,279.2,21.117918463051208
2026-10-06,ADANIPORTS,CURRENT,2026-10-27,1786.1,1780.0,41.7,34.9,76.6,4.288673646492358
2026-10-06,ADANIPORTS,FAR,2026-12-29,1808.1,1800.0,160.35,112.0,272.35,15.062773076710362
2026-10-06,ADANIPORTS,NEAR,2026-11-23,1794.9,1800.0,56.55,66.0,122.55,6.827678422196222
2026-10-06,ADANIPOWER,CURRENT,2026-10-27,203.28,202.5,6.94,6.01,12.95,6.370523415977961
2026-10-06,ADANIPOWER,FAR,2026-12-29,205.3,205.0,16.15,21.85,38.0,18.50949829517779
2026-10-06,ADANIPOWER,NEAR,2026-11-23,204.46,205.0,10.0,9.0,19.0,9.292771202191137
2026-10-06,ALKEM,CURRENT,2026-10-27,5301.5,5300.0,115.6,113.0,228.6,4.311987173441479
2026-10-06,ALKEM,FAR,2026-12-29,5330.0,5300.0,295.85,268.2,564.05,10.582551594746716
2026-10-06,ALKEM,NEAR,2026-11-23,5335.5,5350.0,195.6,248.1,443.7,8.315996626370536
2026-10-06,AMBER,CURRENT,2026-10-27,6870.0,6900.0,177.45,204.6,382.05,5.561135371179039
2026-10-06,AMBER,FAR,2026-12-29,6900.0,6800.0,623.6,717.5,1341.1,19.43623188405797
2026-10-06,AMBER,NEAR,2026-11-23,6874.5,6900.0,418.45,650.65,1069.1,15.551676485562584
2026-10-06,AMBUJACEM,CURRENT,2026-10-27,363.65,365.0,9.5,7.8,17.3,4.757321600439984
2026-10-06,AMBUJACEM,FAR,2026-12-29,370.0,370.0,25.15,24.0,49.15,13.283783783783784
2026-10-06,AMBUJACEM,NEAR,2026-11-23,365.75,365.0,16.1,17.1,33.2,9.07723855092276
2026-10-06,ANANDRATHI,CURRENT,2026-10-27,2143.1,2140.0,81.6,77.3,158.89999999999998,7.4144930241239315
2026-10-06,ANANDRATHI,FAR,2026-12-29,2151.1,2160.0,111.5,139.3,250.8,11.65915113197899
2026-10-06,ANANDRATHI,NEAR,2026-11-23,2150.6,2160.0,78.65,118.85,197.5,9.18348367897331
2026-10-06,ANGELONE,CURRENT,2026-10-27,296.25,295.0,12.35,11.35,23.7,8.0
2026-10-06,ANGELONE,FAR,2026-12-29,298.0,300.0,20.0,41.0,61.0,20.469798657718123
2026-10-06,ANGELONE,NEAR,2026-11-23,296.95,295.0,13.95,32.85,46.8,15.760228994780263
2026-10-06,APLAPOLLO,CURRENT,2026-10-27,2154.2,2160.0,56.35,61.8,118.15,5.484634667161824
2026-10-06,APLAPOLLO,FAR,2026-12-29,2177.2,2160.0,181.8,121.55,303.35,13.933033253720378
2026-10-06,APLAPOLLO,NEAR,2026-11-23,2164.2,2160.0,149.95,138.55,288.5,13.330560946308106
2026-10-06,APOLLOHOSP,CURRENT,2026-10-27,7930.5,7900.0,192.25,158.75,351.0,4.425950444486476
2026-10-06,APOLLOHOSP,FAR,2026-12-29,8014.0,8000.0,600.0,260.0,860.0,10.731220364362366
2026-10-06,APOLLOHOSP,NEAR,2026-11-23,7968.0,8000.0,251.05,290.0,541.05,6.790286144578313
2026-10-06,ASHOKLEY,CURRENT,2026-10-27,154.19,155.0,4.14,4.84,8.98,5.823983397107465
2026-10-06,ASHOKLEY,FAR,2026-12-29,154.9,155.0,13.15,12.44,25.59,16.520335700451906
2026-10-06,ASHOKLEY,NEAR,2026-11-23,154.34,155.0,6.62,7.7,14.32,9.278216923675004
2026-10-06,ASIANPAINT,CURRENT,2026-10-27,2421.1,2420.0,49.4,48.3,97.7,4.03535582999463
2026-10-06,ASIANPAINT,FAR,2026-12-29,2441.7,2440.0,134.2,123.45,257.65,10.552074374411273
2026-10-06,ASIANPAINT,NEAR,2026-11-23,2430.5,2440.0,284.45,48.4,332.85,13.694713022011932
2026-10-06,ASTRAL,CURRENT,2026-10-27,1406.9,1400.0,36.3,29.2,65.5,4.655625844054304
2026-10-06,ASTRAL,FAR,2026-12-29,1414.5,1400.0,96.85,101.3,198.15,14.0084835630965
2026-10-06,ASTRAL,NEAR,2026-11-23,1411.2,1420.0,62.7,95.1,157.8,11.181972789115646
2026-10-06,ATHERENERG,CURRENT,2026-10-27,1426.2,1420.0,57.1,50.65,107.75,7.555041368671995
2026-10-06,ATHERENERG,FAR,2026-12-29,1404.2,1400.0,160.95,133.45,294.4,20.96567440535536
2026-10-06,ATHERENERG,NEAR,2026-11-23,1413.6,1420.0,115.2,115.6,230.8,16.32710809281268
2026-10-06,AUBANK,CURRENT,2026-10-27,1031.5,1030.0,28.75,28.5,57.25,5.5501696558410085
2026-10-06,AUBANK,FAR,2026-12-29,1046.7,1040.0,62.35,81.9,144.25,13.781408235406516
2026-10-06,AUBANK,NEAR,2026-11-23,1036.2,1040.0,139.25,35.2,174.45,16.835552982049794
2026-10-06,AUROPHARMA,CURRENT,2026-10-27,1698.0,1700.0,41.55,42.9,84.44999999999999,4.973498233215548
2026-10-06,AUROPHARMA,FAR,2026-12-29,1715.3,1720.0,110.75,107.85,218.6,12.744126391884802
2026-10-06,AUROPHARMA,NEAR,2026-11-23,1707.7,1700.0,91.3,63.0,154.3,9.035544884932952
2026-10-06,AXISBANK,CURRENT,2026-10-27,1249.9,1250.0,28.5,29.2,57.7,4.616369309544764
2026-10-06,AXISBANK,FAR,2026-12-29,1264.8,1260.0,57.25,86.7,143.95,11.38124604680582
2026-10-06,AXISBANK,NEAR,2026-11-23,1256.6,1260.0,29.0,50.0,79.0,6.286805666083081
2026-10-06,BAJAJ-AUTO,CURRENT,2026-10-27,10031.0,10000.0,221.95,189.9,411.85,4.105772106469943
2026-10-06,BAJAJ-AUTO,FAR,2026-12-29,10116.0,10200.0,1055.3,294.85,1350.15,13.346678529062872
2026-10-06,BAJAJ-AUTO,NEAR,2026-11-23,10073.0,10100.0,972.05,171.35,1143.4,11.351136702074852
2026-10-06,BAJAJFINSV,CURRENT,2026-10-27,1753.6,1760.0,36.65,43.05,79.69999999999999,4.544936131386861
2026-10-06,BAJAJFINSV,FAR,2026-12-29,1776.3,1760.0,106.65,98.45,205.1,11.54647300568598
2026-10-06,BAJAJFINSV,NEAR,2026-11-23,1761.7,1760.0,293.95,23.8,317.75,18.03655559970483
2026-10-06,BAJAJHLDNG,CURRENT,2026-10-27,10662.0,10700.0,284.55,341.8,626.35,5.874601388107297
2026-10-06,BAJFINANCE,CURRENT,2026-10-27,964.2,960.0,29.9,26.0,55.9,5.797552375025928
2026-10-06,BAJFINANCE,FAR,2026-12-29,974.5,980.0,73.15,65.0,138.15,14.17650076962545
2026-10-06,BAJFINANCE,NEAR,2026-11-23,968.45,970.0,42.6,47.6,90.2,9.31385203159688
2026-10-06,BANDHANBNK,CURRENT,2026-10-27,163.78,165.0,16.3,8.5,24.8,15.142264012699965
2026-10-06,BANDHANBNK,FAR,2026-12-29,172.25,170.0,27.8,10.0,37.8,21.94484760522496
2026-10-06,BANDHANBNK,NEAR,2026-11-23,164.55,165.0,27.05,3.9,30.95,18.80887268307505
2026-10-06,BANKBARODA,CURRENT,2026-10-27,232.9,232.5,6.1,5.74,11.84,5.083726921425504
2026-10-06,BANKBARODA,FAR,2026-12-29,235.72,235.0,13.51,17.39,30.9,13.10877312065162
2026-10-06,BANKBARODA,NEAR,2026-11-23,234.23,235.0,9.56,14.79,24.35,10.39576484651838
2026-10-06,BANKINDIA,CURRENT,2026-10-27,132.62,132.5,4.19,3.99,8.18,6.167998793545467
2026-10-06,BANKINDIA,FAR,2026-12-29,135.12,135.0,8.81,11.72,20.53,15.193901716992302
2026-10-06,BANKINDIA,NEAR,2026-11-23,133.57,132.5,7.29,8.51,15.8,11.829003518754211
2026-10-06,BANKNIFTY,CURRENT,2026-10-27,55247.4,55200.0,782.9,764.45,1547.35,2.800765284882184
2026-10-06,BANKNIFTY,FAR,2026-12-29,55842.6,55800.0,1414.25,1378.85,2793.1,5.001737025138514
2026-10-06,BANKNIFTY,NEAR,2026-11-23,55536.0,55500.0,1110.95,1077.1,2188.05,3.9398768366465
2026-10-06,BDL,CURRENT,2026-10-27,1104.6,1100.0,38.75,33.7,72.45,6.55893536121673
2026-10-06,BDL,FAR,2026-12-29,1093.0,1080.0,111.4,90.45,201.85,18.46752058554437
2026-10-06,BDL,NEAR,2026-11-23,1098.1,1100.0,50.0,81.8,131.8,12.002549858847102
2026-10-06,BEL,CURRENT,2026-10-27,388.85,390.0,8.5,9.65,18.15,4.667609618104667
2026-10-06,BEL,FAR,2026-12-29,393.2,390.0,27.0,23.55,50.55,12.856052899287892
2026-10-06,BEL,NEAR,2026-11-23,390.65,390.0,14.2,13.3,27.5,7.039549468833995
2026-10-06,BHARATFORG,CURRENT,2026-10-27,1877.0,1880.0,45.55,49.55,95.1,5.066595631326585
2026-10-06,BHARATFORG,FAR,2026-12-29,1894.0,1880.0,188.9,99.35,288.25,15.219112988384373
2026-10-06,BHARATFORG,NEAR,2026-11-23,1885.9,1880.0,67.95,109.2,177.15,9.39339307492444
2026-10-06,BHARTIARTL,CURRENT,2026-10-27,1812.9,1820.0,22.1,30.25,52.35,2.8876385901042525
2026-10-06,BHARTIARTL,FAR,2026-12-29,1832.8,1840.0,72.1,113.95,186.05,10.151134875600174
2026-10-06,BHARTIARTL,NEAR,2026-11-23,1821.7,1820.0,55.85,80.0,135.85,7.457320085634297
2026-10-06,BHEL,CURRENT,2026-10-27,453.95,455.0,16.1,17.3,33.400000000000006,7.357638506443442
2026-10-06,BHEL,FAR,2026-12-29,458.45,460.0,28.0,62.0,90.0,19.63136656123896
2026-10-06,BHEL,NEAR,2026-11-23,455.9,460.0,21.4,26.1,47.5,10.418951524457118
2026-10-06,BIOCON,CURRENT,2026-10-27,371.4,370.0,10.2,8.65,18.85,5.0753904146472815
2026-10-06,BIOCON,FAR,2026-12-29,375.35,380.0,26.3,23.75,50.05,13.33422139336619
2026-10-06,BIOCON,NEAR,2026-11-23,372.65,375.0,22.15,16.85,39.0,10.46558432845834
2026-10-06,BLUESTARCO,CURRENT,2026-10-27,1545.8,1540.0,51.0,45.75,96.75,6.25889507051365
2026-10-06,BLUESTARCO,FAR,2026-12-29,1488.0,1480.0,159.15,84.55,243.7,16.37768817204301
2026-10-06,BLUESTARCO,NEAR,2026-11-23,1520.0,1520.0,128.45,110.9,239.35,15.746710526315788
2026-10-06,BOSCHLTD,CURRENT,2026-10-27,45305.0,45500.0,936.25,1112.1,2048.35,4.521244895706875
2026-10-06,BOSCHLTD,FAR,2026-12-29,45710.0,46000.0,3198.05,2824.1,6022.15,13.174688252023625
2026-10-06,BOSCHLTD,NEAR,2026-11-23,45565.0,45500.0,2647.75,2043.65,4691.4,10.296060572808075
2026-10-06,BPCL,CURRENT,2026-10-27,301.6,300.0,8.3,6.8,15.1,5.006631299734749
2026-10-06,BPCL,FAR,2026-12-29,304.1,300.0,22.55,18.8,41.35,13.597500822097992
2026-10-06,BPCL,NEAR,2026-11-23,302.4,300.0,34.85,10.2,45.05,14.897486772486774
2026-10-06,BRITANNIA,CURRENT,2026-10-27,4865.2,4850.0,94.7,81.7,176.4,3.625750226095536
2026-10-06,BRITANNIA,FAR,2026-12-29,4910.0,4900.0,235.15,228.35,463.5,9.439918533604889
2026-10-06,BRITANNIA,NEAR,2026-11-23,4889.5,4900.0,620.0,64.7,684.7,14.00347683812251
2026-10-06,BSE,CURRENT,2026-10-27,3309.7,3300.0,116.5,107.3,223.8,6.761942169985195
2026-10-06,BSE,FAR,2026-12-29,3339.5,3300.0,229.5,356.45,585.95,17.54603982632131
2026-10-06,BSE,NEAR,2026-11-23,3324.6,3300.0,185.85,161.7,347.54999999999995,10.453889189676952
2026-10-06,CAMS,CURRENT,2026-10-27,694.9,690.0,20.9,15.95,36.85,5.302921283637932
2026-10-06,CAMS,FAR,2026-12-29,698.4,700.0,40.2,39.9,80.1,11.469072164948454
2026-10-06,CAMS,NEAR,2026-11-23,694.7,690.0,31.35,49.2,80.55000000000001,11.594933064632215
2026-10-06,CANBK,CURRENT,2026-10-27,118.44,118.0,3.68,3.09,6.77,5.71597433299561
2026-10-06,CANBK,FAR,2026-12-29,119.8,120.0,9.01,7.75,16.759999999999998,13.98998330550918
2026-10-06,CANBK,NEAR,2026-11-23,119.16,119.0,7.31,5.74,13.05,10.95166163141994
2026-10-06,CDSL,CURRENT,2026-10-27,1269.2,1260.0,40.9,31.45,72.35,5.700441222817522
2026-10-06,CDSL,FAR,2026-12-29,1281.9,1280.0,102.65,101.95,204.6,15.960683360636557
2026-10-06,CDSL,NEAR,2026-11-23,1274.3,1280.0,188.15,54.3,242.45,19.026131994035943
2026-10-06,CGPOWER,CURRENT,2026-10-27,916.05,920.0,25.7,30.05,55.75,6.08591234102942
2026-10-06,CGPOWER,FAR,2026-12-29,924.0,920.0,52.2,100.7,152.9,16.547619047619047
2026-10-06,CGPOWER,NEAR,2026-11-23,920.2,920.0,61.55,89.4,150.95,16.404042599434902
2026-10-06,CHOLAFIN,CURRENT,2026-10-27,1613.5,1620.0,41.55,48.95,90.5,5.608924697861792
2026-10-06,CHOLAFIN,FAR,2026-12-29,1625.6,1640.0,133.45,122.15,255.6,15.723425196850393
2026-10-06,CHOLAFIN,NEAR,2026-11-23,1619.0,1620.0,110.25,88.6,198.85,12.282273008029646
2026-10-06,CIPLA,CURRENT,2026-10-27,1349.8,1350.0,28.85,29.8,58.650000000000006,4.345088161209069
2026-10-06,CIPLA,FAR,2026-12-29,1362.0,1360.0,89.75,50.55,140.3,10.301027900146844
2026-10-06,CIPLA,NEAR,2026-11-23,1356.1,1360.0,119.75,37.55,157.3,11.599439569353294
2026-10-06,COALINDIA,CURRENT,2026-10-27,412.45,410.0,10.4,7.85,18.25,4.424778761061947
2026-10-06,COALINDIA,FAR,2026-12-29,416.75,420.0,29.45,18.25,47.7,11.445710857828436
2026-10-06,COALINDIA,NEAR,2026-11-23,414.65,415.0,25.85,12.15,38.0,9.164355480525744
2026-10-06,COCHINSHIP,CURRENT,2026-10-27,1286.6,1280.0,39.85,32.55,72.4,5.62723457173947
2026-10-06,COCHINSHIP,FAR,2026-12-29,1278.4,1280.0,185.8,87.75,273.55,21.397841051314145
2026-10-06,COCHINSHIP,NEAR,2026-11-23,1286.2,1280.0,302.65,45.15,347.79999999999995,27.04089566163893
2026-10-06,COFORGE,CURRENT,2026-10-27,1850.5,1860.0,67.1,77.45,144.55,7.811402323696299
2026-10-06,COFORGE,FAR,2026-12-29,1863.4,1880.0,107.25,237.7,344.95,18.51186004078566
2026-10-06,COFORGE,NEAR,2026-11-23,1856.8,1860.0,93.0,103.1,196.1,10.561180525635502
2026-10-06,COLPAL,CURRENT,2026-10-27,1811.1,1820.0,39.15,56.0,95.15,5.253713212964498
2026-10-06,COLPAL,FAR,2026-12-29,1800.7,1800.0,111.45,100.0,211.45,11.742655633920142
2026-10-06,COLPAL,NEAR,2026-11-23,1796.9,1800.0,58.85,72.0,130.85,7.281985641938895
2026-10-06,CONCOR,CURRENT,2026-10-27,446.45,445.0,13.3,11.3,24.6,5.510135513495353
2026-10-06,CONCOR,FAR,2026-12-29,449.7,450.0,30.75,30.65,61.4,13.653546808983766
2026-10-06,CONCOR,NEAR,2026-11-23,447.1,445.0,25.05,22.6,47.650000000000006,10.657571013196154
2026-10-06,CROMPTON,CURRENT,2026-10-27,212.72,212.5,6.19,6.0,12.19,5.730537796163972
2026-10-06,CROMPTON,FAR,2026-12-29,214.18,215.0,14.73,15.21,29.94,13.97889625548604
2026-10-06,CROMPTON,NEAR,2026-11-23,213.88,215.0,10.83,12.55,23.380000000000003,10.931363381335329
2026-10-06,CUMMINSIND,CURRENT,2026-10-27,4927.3,4950.0,102.2,257.2,359.4,7.29405556795811
2026-10-06,CUMMINSIND,FAR,2026-12-29,4895.0,4900.0,318.65,346.85,665.5,13.595505617977526
2026-10-06,CUMMINSIND,NEAR,2026-11-23,4956.0,4950.0,211.15,317.2,528.35,10.660815173527038
2026-10-06,DABUR,CURRENT,2026-10-27,389.15,390.0,7.3,8.0,15.3,3.93164589489914
2026-10-06,DABUR,FAR,2026-12-29,390.8,390.0,18.65,22.55,41.2,10.542476970317296
2026-10-06,DABUR,NEAR,2026-11-23,388.25,390.0,12.85,13.3,26.15,6.735350933676754
2026-10-06,DELHIVERY,CURRENT,2026-10-27,410.15,410.0,10.9,10.95,21.85,5.327319273436548
2026-10-06,DELHIVERY,FAR,2026-12-29,404.9,400.0,43.5,20.25,63.75,15.744628303284763
2026-10-06,DELHIVERY,NEAR,2026-11-23,412.5,410.0,58.65,14.6,73.25,17.757575757575758
2026-10-06,DIVISLAB,CURRENT,2026-10-27,9602.5,9600.0,235.5,230.2,465.7,4.84977870346264
2026-10-06,DIVISLAB,FAR,2026-12-29,9688.0,9600.0,550.05,578.4,1128.4499999999998,11.647914946325349
2026-10-06,DIVISLAB,NEAR,2026-11-23,9643.5,9600.0,413.4,967.1,1380.5,14.31534194016695
2026-10-06,DIXON,CURRENT,2026-10-27,12984.0,13000.0,404.75,418.2,822.95,6.338185459026495
2026-10-06,DIXON,FAR,2026-12-29,12706.0,12500.0,1688.65,755.5,2444.15,19.23618762789233
2026-10-06,DIXON,NEAR,2026-11-23,12802.0,12750.0,1255.55,642.35,1897.9,14.825027339478208
2026-10-06,DLF,CURRENT,2026-10-27,669.3,670.0,18.05,18.75,36.8,5.498281786941581
2026-10-06,DLF,FAR,2026-12-29,673.1,680.0,41.0,58.05,99.05,14.715495468726786
2026-10-06,DLF,NEAR,2026-11-23,670.15,670.0,30.8,25.0,55.8,8.326494068492128
2026-10-06,DMART,CURRENT,2026-10-27,3590.7,3600.0,99.3,107.1,206.4,5.748182805581084
2026-10-06,DMART,FAR,2026-12-29,3602.8,3600.0,337.15,134.4,471.55,13.088431220162096
2026-10-06,DMART,NEAR,2026-11-23,3596.4,3600.0,136.35,143.3,279.65,7.775831386942497
2026-10-06,DRREDDY,CURRENT,2026-10-27,1205.4,1210.0,27.95,31.9,59.85,4.965156794425087
2026-10-06,DRREDDY,FAR,2026-12-29,1208.1,1200.0,107.25,37.75,145.0,12.002317688933037
2026-10-06,DRREDDY,NEAR,2026-11-23,1204.1,1200.0,41.95,36.9,78.85,6.548459430279877
2026-10-06,EICHERMOT,CURRENT,2026-10-27,7076.5,7100.0,125.1,150.2,275.29999999999995,3.890341270402034
2026-10-06,EICHERMOT,FAR,2026-12-29,7150.0,7200.0,211.1,394.8,605.9,8.474125874125873
2026-10-06,EICHERMOT,NEAR,2026-11-23,7113.5,7100.0,232.8,271.25,504.05,7.085822731426161
2026-10-06,ENRIN,CURRENT,2026-10-27,3331.6,3350.0,122.3,141.95,264.25,7.931624444711249
2026-10-06,ENRIN,FAR,2026-12-29,3334.8,3300.0,170.0,293.65,463.65,13.903382511694854
2026-10-06,ENRIN,NEAR,2026-11-23,3337.6,3350.0,154.45,275.7,430.15,12.888003355704695
2026-10-06,ETERNAL,CURRENT,2026-10-27,329.55,330.0,9.8,10.35,20.15,6.114398422090729
2026-10-06,ETERNAL,FAR,2026-12-29,333.0,330.0,27.9,25.2,53.1,15.945945945945944
2026-10-06,ETERNAL,NEAR,2026-11-23,331.65,330.0,15.05,13.9,28.950000000000003,8.729081863410224
2026-10-06,FEDERALBNK,CURRENT,2026-10-27,321.8,320.0,10.05,8.2,18.25,5.671224362958359
2026-10-06,FEDERALBNK,FAR,2026-12-29,325.25,330.0,15.0,22.0,37.0,11.37586471944658
2026-10-06,FEDERALBNK,NEAR,2026-11-23,323.2,325.0,14.1,16.05,30.15,9.328589108910892
2026-10-06,FORCEMOT,CURRENT,2026-10-27,17171.0,17250.0,511.3,1030.0,1541.3,8.976180769902744
2026-10-06,FORCEMOT,FAR,2026-12-29,17112.0,17000.0,1982.25,1828.15,3810.4,22.267414679756897
2026-10-06,FORCEMOT,NEAR,2026-11-23,17128.0,17250.0,1403.65,1595.45,2999.1000000000004,17.509925268566093
2026-10-06,FORTIS,CURRENT,2026-10-27,765.25,770.0,19.2,23.45,42.65,5.573342045083305
2026-10-06,FORTIS,FAR,2026-12-29,770.0,760.0,80.0,21.85,101.85,13.227272727272728
2026-10-06,FORTIS,NEAR,2026-11-23,768.5,770.0,75.6,16.75,92.35,12.016916070266753
2026-10-06,GAIL,CURRENT,2026-10-27,172.0,172.5,3.21,3.79,7.0,4.069767441860465
2026-10-06,GAIL,FAR,2026-12-29,173.78,175.0,9.75,12.14,21.89,12.596386235470137
2026-10-06,GAIL,NEAR,2026-11-23,172.91,172.5,7.99,8.92,16.91,9.779654155340928
2026-10-06,GLENMARK,CURRENT,2026-10-27,2321.4,2320.0,60.0,56.85,116.85,5.03360041354355
2026-10-06,GLENMARK,FAR,2026-12-29,2322.0,2320.0,252.75,97.3,350.05,15.075366063738157
2026-10-06,GLENMARK,NEAR,2026-11-23,2329.5,2320.0,226.8,112.35,339.15,14.55891822279459
2026-10-06,GMRAIRPORT,CURRENT,2026-10-27,93.54,94.0,2.27,2.76,5.029999999999999,5.377378661535171
2026-10-06,GMRAIRPORT,FAR,2026-12-29,94.5,94.0,7.58,6.45,14.03,14.846560846560848
2026-10-06,GMRAIRPORT,NEAR,2026-11-23,93.8,94.0,3.89,3.56,7.45,7.942430703624733
2026-10-06,GODFRYPHLP,CURRENT,2026-10-27,1904.7,1900.0,60.1,54.3,114.4,6.006195201344044
2026-10-06,GODFRYPHLP,FAR,2026-12-29,1852.4,1840.0,242.7,193.7,436.4,23.55862664651263
2026-10-06,GODFRYPHLP,NEAR,2026-11-23,1900.0,1900.0,379.4,144.15,523.55,27.55526315789473
2026-10-06,GODREJCP,CURRENT,2026-10-27,874.6,870.0,20.7,16.45,37.15,4.247656071346901
2026-10-06,GODREJCP,FAR,2026-12-29,875.0,880.0,49.9,62.05,111.95,12.794285714285714
2026-10-06,GODREJCP,NEAR,2026-11-23,873.55,870.0,39.7,28.8,68.5,7.841566023696411
2026-10-06,GODREJPROP,CURRENT,2026-10-27,1616.3,1620.0,55.85,59.2,115.05,7.118109261894451
2026-10-06,GODREJPROP,FAR,2026-12-29,1636.3,1640.0,150.6,132.2,282.79999999999995,17.282894334779684
2026-10-06,GODREJPROP,NEAR,2026-11-23,1625.2,1620.0,124.5,95.75,220.25,13.552178193453113
2026-10-06,GRASIM,CURRENT,2026-10-27,2973.0,2980.0,51.65,58.55,110.2,3.7066935755129498
2026-10-06,GRASIM,FAR,2026-12-29,2992.8,3000.0,247.55,103.6,351.15,11.733159582999196
2026-10-06,GRASIM,NEAR,2026-11-23,2983.6,2980.0,215.1,68.65,283.75,9.510323099611208
2026-10-06,GVT&D,CURRENT,2026-10-27,4280.1,4300.0,117.1,139.3,256.4,5.990514240321486
2026-10-06,GVT&D,FAR,2026-12-29,4310.0,4400.0,357.05,319.3,676.35,15.692575406032482
2026-10-06,GVT&D,NEAR,2026-11-23,4300.9,4300.0,225.0,418.7,643.7,14.966634890371786
2026-10-06,HAL,CURRENT,2026-10-27,4838.1,4850.0,102.55,116.15,218.7,4.520369566565387
2026-10-06,HAL,FAR,2026-12-29,4891.7,4900.0,210.4,489.3,699.7,14.30382075760983
2026-10-06,HAL,NEAR,2026-11-23,4858.1,4850.0,148.6,406.25,554.85,11.42113171816142
2026-10-06,HAVELLS,CURRENT,2026-10-27,1059.4,1060.0,27.95,28.9,56.85,5.366245044364733
2026-10-06,HAVELLS,FAR,2026-12-29,1057.0,1060.0,60.85,62.0,122.85,11.62251655629139
2026-10-06,HAVELLS,NEAR,2026-11-23,1057.3,1060.0,44.35,51.65,96.0,9.079731391279674
2026-10-06,HCLTECH,CURRENT,2026-10-27,1190.9,1190.0,41.25,40.85,82.1,6.893945755311108
2026-10-06,HCLTECH,FAR,2026-12-29,1201.3,1200.0,103.9,69.0,172.9,14.392741197036546
2026-10-06,HCLTECH,NEAR,2026-11-23,1196.0,1200.0,53.0,59.95,112.95,9.443979933110368
2026-10-06,HDFCAMC,CURRENT,2026-10-27,2362.4,2360.0,68.4,68.0,136.4,5.7737893667456825
2026-10-06,HDFCAMC,FAR,2026-12-29,2386.6,2400.0,110.7,252.25,362.95,15.2078270342747
2026-10-06,HDFCAMC,NEAR,2026-11-23,2377.2,2380.0,76.85,212.45,289.29999999999995,12.169779572606426
2026-10-06,HDFCBANK,CURRENT,2026-10-27,711.7,710.0,16.3,14.6,30.9,4.341717015596458
2026-10-06,HDFCBANK,FAR,2026-12-29,719.8,720.0,31.4,31.8,63.2,8.780216726868575
2026-10-06,HDFCBANK,NEAR,2026-11-23,715.15,720.0,23.3,27.4,50.7,7.089421799622457
2026-10-06,HDFCLIFE,CURRENT,2026-10-27,544.15,545.0,13.85,15.05,28.9,5.311035560047781
2026-10-06,HDFCLIFE,FAR,2026-12-29,550.05,550.0,23.2,41.6,64.8,11.780747204799564
2026-10-06,HDFCLIFE,NEAR,2026-11-23,547.6,550.0,20.1,21.2,41.3,7.542001460920379
2026-10-06,HEROMOTOCO,CURRENT,2026-10-27,5099.5,5100.0,120.8,119.65,240.45,4.715168153740563
2026-10-06,HEROMOTOCO,FAR,2026-12-29,5155.0,5200.0,369.5,285.3,654.8,12.702230843840931
2026-10-06,HEROMOTOCO,NEAR,2026-11-23,5114.0,5100.0,186.0,182.35,368.35,7.202776691435277
2026-10-06,HINDALCO,CURRENT,2026-10-27,942.9,940.0,24.85,21.9,46.75,4.95810796478948
2026-10-06,HINDALCO,FAR,2026-12-29,953.45,960.0,70.3,61.05,131.35,13.77628611883161
2026-10-06,HINDALCO,NEAR,2026-11-23,947.15,950.0,58.0,44.35,102.35,10.806102518080555
2026-10-06,HINDPETRO,CURRENT,2026-10-27,353.3,355.0,8.7,15.6,24.3,6.878007359184828
2026-10-06,HINDPETRO,FAR,2026-12-29,355.75,360.0,14.95,31.5,46.45,13.056921995783558
2026-10-06,HINDPETRO,NEAR,2026-11-23,354.15,355.0,20.9,23.55,44.45,12.551178879006072
2026-10-06,HINDUNILVR,CURRENT,2026-10-27,1895.4,1900.0,35.85,40.65,76.5,4.036087369420702
2026-10-06,HINDUNILVR,FAR,2026-12-29,1894.0,1880.0,59.9,89.5,149.4,7.888067581837381
2026-10-06,HINDUNILVR,NEAR,2026-11-23,1886.1,1880.0,50.0,85.7,135.7,7.194740469752399
2026-10-06,HINDZINC,CURRENT,2026-10-27,561.2,560.0,18.45,17.35,35.8,6.379187455452601
2026-10-06,HINDZINC,FAR,2026-12-29,566.35,560.0,57.35,45.85,103.2,18.22194755892999
2026-10-06,HINDZINC,NEAR,2026-11-23,564.1,560.0,28.9,24.0,52.9,9.377769898954083
2026-10-06,HYUNDAI,CURRENT,2026-10-27,1981.3,1980.0,55.05,53.4,108.45,5.473678897693433
2026-10-06,HYUNDAI,FAR,2026-12-29,1961.1,1960.0,234.25,65.5,299.75,15.28478914894702
2026-10-06,HYUNDAI,NEAR,2026-11-23,1963.7,1960.0,337.55,35.95,373.5,19.020216937414062
2026-10-06,ICICIBANK,CURRENT,2026-10-27,1344.6,1340.0,28.45,24.45,52.9,3.934255540681244
2026-10-06,ICICIBANK,FAR,2026-12-29,1359.7,1360.0,38.45,86.3,124.75,9.174817974553209
2026-10-06,ICICIBANK,NEAR,2026-11-23,1350.8,1350.0,29.95,72.6,102.55,7.591797453360972
2026-10-06,ICICIGI,CURRENT,2026-10-27,1599.4,1600.0,42.35,44.25,86.6,5.414530448918344
2026-10-06,ICICIGI,FAR,2026-12-29,1573.0,1560.0,83.6,105.75,189.35,12.037507946598854
2026-10-06,ICICIGI,NEAR,2026-11-23,1607.7,1600.0,59.75,92.0,151.75,9.43895005287056
2026-10-06,ICICIPRULI,CURRENT,2026-10-27,457.3,455.0,15.8,13.55,29.35,6.418106275967636
2026-10-06,ICICIPRULI,FAR,2026-12-29,453.55,450.0,29.35,28.2,57.55,12.688788446698268
2026-10-06,ICICIPRULI,NEAR,2026-11-23,454.95,455.0,19.5,25.9,45.4,9.979118584459831
2026-10-06,IDEA,CURRENT,2026-10-27,13.24,13.0,0.64,0.39,1.03,7.779456193353475
2026-10-06,IDEA,FAR,2026-12-29,13.4,14.0,0.82,1.66,2.48,18.507462686567163
2026-10-06,IDEA,NEAR,2026-11-23,13.31,13.0,0.95,0.61,1.56,11.720510894064612
2026-10-06,IDFCFIRSTB,CURRENT,2026-10-27,81.59,82.0,2.22,2.62,4.84,5.932099522000245
2026-10-06,IDFCFIRSTB,FAR,2026-12-29,82.6,82.0,5.17,6.51,11.68,14.14043583535109
2026-10-06,IDFCFIRSTB,NEAR,2026-11-23,81.9,82.0,2.65,4.13,6.779999999999999,8.278388278388277
2026-10-06,IEX,CURRENT,2026-10-27,105.11,105.0,3.36,3.21,6.57,6.250594615165066
2026-10-06,IEX,NEAR,2026-11-23,105.71,106.0,7.93,6.6,14.53,13.745151830479616
2026-10-06,INDHOTEL,CURRENT,2026-10-27,737.5,740.0,14.9,17.7,32.6,4.420338983050848
2026-10-06,INDHOTEL,FAR,2026-12-29,739.8,740.0,38.65,53.45,92.1,12.449310624493108
2026-10-06,INDHOTEL,NEAR,2026-11-23,740.3,740.0,46.85,32.0,78.85,10.651087397001216
2026-10-06,INDIANB,CURRENT,2026-10-27,814.8,810.0,27.2,22.75,49.95,6.130338733431517
2026-10-06,INDIANB,FAR,2026-12-29,810.75,820.0,54.55,67.3,121.85,15.029293863706444
2026-10-06,INDIANB,NEAR,2026-11-23,815.65,820.0,106.95,36.75,143.7,17.6178507938454
2026-10-06,INDIGO,CURRENT,2026-10-27,5057.2,5050.0,139.2,132.95,272.15,5.381436367950644
2026-10-06,INDIGO,FAR,2026-12-29,5099.8,5100.0,305.65,458.9,764.55,14.991764382916974
2026-10-06,INDIGO,NEAR,2026-11-23,5075.8,5100.0,220.9,217.85,438.75,8.643957602742425
2026-10-06,INDUSINDBK,CURRENT,2026-10-27,907.9,910.0,24.3,26.6,50.900000000000006,5.606344311047473
2026-10-06,INDUSINDBK,FAR,2026-12-29,920.9,920.0,56.75,85.25,142.0,15.419698121402975
2026-10-06,INDUSINDBK,NEAR,2026-11-23,913.65,910.0,43.25,67.15,110.4,12.083401740272532
2026-10-06,INDUSTOWER,CURRENT,2026-10-27,389.55,390.0,8.75,9.35,18.1,4.646386856629444
2026-10-06,INDUSTOWER,FAR,2026-12-29,394.6,390.0,18.25,35.0,53.25,13.494678155093764
2026-10-06,INDUSTOWER,NEAR,2026-11-23,391.05,390.0,27.7,13.65,41.35,10.574095384221966
2026-10-06,INFY,CURRENT,2026-10-27,1016.65,1020.0,34.95,38.15,73.1,7.190281807898489
2026-10-06,INFY,FAR,2026-12-29,1025.4,1040.0,54.0,76.15,130.15,12.692607762824265
2026-10-06,INFY,NEAR,2026-11-23,1020.5,1020.0,50.5,49.5,100.0,9.799118079372857
2026-10-06,INOXWIND,CURRENT,2026-10-27,69.01,69.0,2.58,2.54,5.12,7.419214606578755
2026-10-06,INOXWIND,FAR,2026-12-29,70.07,70.0,8.43,5.9,14.33,20.450977593834736
2026-10-06,INOXWIND,NEAR,2026-11-23,69.31,69.0,3.5,4.08,7.58,10.936372817775212
2026-10-06,IOC,CURRENT,2026-10-27,131.98,132.0,3.04,3.71,6.75,5.114411274435521
2026-10-06,IOC,FAR,2026-12-29,133.42,134.0,7.93,8.64,16.57,12.419427372208066
2026-10-06,IOC,NEAR,2026-11-23,132.62,133.0,5.2,6.68,11.88,8.957924898205398
2026-10-06,IREDA,CURRENT,2026-10-27,108.41,108.0,3.67,4.2,7.87,7.259477907942072
2026-10-06,IREDA,NEAR,2026-11-23,105.61,106.0,10.31,4.37,14.68,13.900198844806363
2026-10-06,IRFC,CURRENT,2026-10-27,76.84,77.0,2.29,2.39,4.68,6.090577824049973
2026-10-06,IRFC,FAR,2026-12-29,75.59,76.0,8.86,3.49,12.35,16.338139965603915
2026-10-06,IRFC,NEAR,2026-11-23,75.84,76.0,12.85,2.88,15.73,20.74103375527426
2026-10-06,ITC,CURRENT,2026-10-27,267.05,267.5,4.45,5.05,9.5,3.5573862572551955
2026-10-06,ITC,FAR,2026-12-29,270.05,270.0,9.1,13.05,22.15,8.202184780596184
2026-10-06,ITC,NEAR,2026-11-23,268.4,267.5,8.0,9.8,17.8,6.631892697466468
2026-10-06,JINDALSTEL,CURRENT,2026-10-27,1085.7,1080.0,31.3,25.65,56.95,5.245463756102054
2026-10-06,JINDALSTEL,FAR,2026-12-29,1092.0,1080.0,111.85,46.05,157.89999999999998,14.459706959706958
2026-10-06,JINDALSTEL,NEAR,2026-11-23,1092.6,1100.0,48.0,66.0,114.0,10.43382756727073
2026-10-06,JIOFIN,CURRENT,2026-10-27,218.91,220.0,5.65,6.68,12.33,5.63245169247636
2026-10-06,JIOFIN,FAR,2026-12-29,221.38,220.0,13.0,10.84,23.84,10.768813804318366
2026-10-06,JIOFIN,NEAR,2026-11-23,219.96,220.0,9.1,8.97,18.07,8.215130023640661
2026-10-06,JSWENERGY,CURRENT,2026-10-27,497.65,500.0,13.4,15.55,28.950000000000003,5.817341505073848
2026-10-06,JSWENERGY,FAR,2026-12-29,503.0,500.0,43.25,34.75,78.0,15.50695825049702
2026-10-06,JSWENERGY,NEAR,2026-11-23,500.45,500.0,74.85,19.0,93.85,18.75312219002897
2026-10-06,JSWSTEEL,CURRENT,2026-10-27,1261.9,1260.0,29.45,28.75,58.2,4.612092875822173
2026-10-06,JSWSTEEL,FAR,2026-12-29,1279.1,1280.0,77.95,66.8,144.75,11.316550699710737
2026-10-06,JSWSTEEL,NEAR,2026-11-23,1268.0,1270.0,63.25,49.55,112.8,8.89589905362776
2026-10-06,JUBLFOOD,CURRENT,2026-10-27,452.55,455.0,14.45,18.85,33.3,7.358302949950281
2026-10-06,JUBLFOOD,FAR,2026-12-29,440.0,440.0,51.25,21.8,73.05,16.602272727272727
2026-10-06,JUBLFOOD,NEAR,2026-11-23,448.3,450.0,83.5,17.0,100.5,22.418023644880662
2026-10-06,KALYANKJIL,CURRENT,2026-10-27,551.4,550.0,25.25,23.7,48.95,8.87740297424737
2026-10-06,KALYANKJIL,FAR,2026-12-29,557.75,560.0,71.95,54.85,126.8,22.734199910354103
2026-10-06,KALYANKJIL,NEAR,2026-11-23,554.35,550.0,43.9,37.85,81.75,14.747000992152971
2026-10-06,KAYNES,CURRENT,2026-10-27,3345.8,3350.0,139.15,138.25,277.4,8.290991691075376
2026-10-06,KAYNES,FAR,2026-12-29,3249.7,3200.0,619.85,261.45,881.3,27.11942640859156
2026-10-06,KAYNES,NEAR,2026-11-23,3282.8,3300.0,875.65,129.35,1005.0,30.61410990617765
2026-10-06,KEI,CURRENT,2026-10-27,4594.7,4600.0,139.95,142.9,282.85,6.156005832807366
2026-10-06,KEI,FAR,2026-12-29,4581.0,4600.0,374.8,446.45,821.25,17.927308447937133
2026-10-06,KEI,NEAR,2026-11-23,4598.8,4600.0,1156.45,100.15,1256.6,27.32451943985388
2026-10-06,KFINTECH,CURRENT,2026-10-27,858.45,860.0,26.8,28.6,55.400000000000006,6.45349175840177
2026-10-06,KFINTECH,FAR,2026-12-29,845.0,840.0,79.35,68.85,148.2,17.538461538461537
2026-10-06,KFINTECH,NEAR,2026-11-23,844.8,840.0,45.0,30.0,75.0,8.87784090909091
2026-10-06,KOTAKBANK,CURRENT,2026-10-27,432.2,430.0,10.2,8.2,18.4,4.257288292457195
2026-10-06,KOTAKBANK,FAR,2026-12-29,437.15,440.0,10.9,38.45,49.35,11.289031224979986
2026-10-06,KOTAKBANK,NEAR,2026-11-23,434.75,435.0,12.7,32.5,45.2,10.396779758481888
2026-10-06,KPITTECH,CURRENT,2026-10-27,494.3,490.0,20.05,15.95,36.0,7.283026502124215
2026-10-06,KPITTECH,FAR,2026-12-29,500.6,500.0,63.5,36.5,100.0,19.97602876548142
2026-10-06,KPITTECH,NEAR,2026-11-23,496.75,500.0,28.0,33.0,61.0,12.279818822345243
2026-10-06,LAURUSLABS,CURRENT,2026-10-27,2062.9,2060.0,65.0,61.65,126.65,6.139415386106937
2026-10-06,LAURUSLABS,FAR,2026-12-29,2079.6,2080.0,100.0,184.9,284.9,13.699749951913828
2026-10-06,LAURUSLABS,NEAR,2026-11-23,2072.6,2080.0,73.0,253.95,326.95,15.774872141271832
2026-10-06,LICHSGFIN,CURRENT,2026-10-27,504.65,505.0,14.05,14.0,28.05,5.558307738036263
2026-10-06,LICHSGFIN,FAR,2026-12-29,510.9,510.0,62.05,16.1,78.15,15.29653552554316
2026-10-06,LICHSGFIN,NEAR,2026-11-23,507.1,505.0,57.25,9.25,66.5,13.113784263458882
2026-10-06,LICI,CURRENT,2026-10-27,391.55,390.0,8.75,7.35,16.1,4.111863108159878
2026-10-06,LICI,FAR,2026-12-29,394.2,390.0,27.75,22.05,49.8,12.633181126331811
2026-10-06,LICI,NEAR,2026-11-23,394.15,395.0,18.75,20.25,39.0,9.894710135735126
2026-10-06,LODHA,CURRENT,2026-10-27,1143.8,1140.0,41.8,38.4,80.19999999999999,7.011715334848749
2026-10-06,LODHA,FAR,2026-12-29,1134.5,1120.0,106.3,103.3,209.6,18.475099162626705
2026-10-06,LODHA,NEAR,2026-11-23,1141.7,1140.0,59.9,58.6,118.5,10.379258999737234
2026-10-06,LT,CURRENT,2026-10-27,3785.3,3800.0,62.6,78.55,141.15,3.728898634190157
2026-10-06,LT,FAR,2026-12-29,3828.2,3800.0,224.15,219.4,443.55,11.586385246329868
2026-10-06,LT,NEAR,2026-11-23,3804.7,3800.0,118.8,112.9,231.7,6.089836255158094
2026-10-06,LTF,CURRENT,2026-10-27,263.9,265.0,8.7,9.85,18.55,7.029177718832891
2026-10-06,LTF,FAR,2026-12-29,263.2,260.0,30.5,15.6,46.1,17.51519756838906
2026-10-06,LTF,NEAR,2026-11-23,263.1,265.0,12.0,13.65,25.65,9.749144811858608
2026-10-06,LTM,CURRENT,2026-10-27,3956.2,3950.0,144.9,140.7,285.6,7.219048581972601
2026-10-06,LTM,FAR,2026-12-29,3820.1,3800.0,403.2,211.55,614.75,16.092510667260022
2026-10-06,LTM,NEAR,2026-11-23,3875.0,3900.0,218.5,186.0,404.5,10.438709677419356
2026-10-06,LUPIN,CURRENT,2026-10-27,2030.1,2040.0,37.85,47.45,85.30000000000001,4.201763459928083
2026-10-06,LUPIN,FAR,2026-12-29,2054.0,2040.0,129.75,87.75,217.5,10.589094449853944
2026-10-06,LUPIN,NEAR,2026-11-23,2038.1,2040.0,214.55,48.75,263.3,12.918895049310631
2026-10-06,M&M,CURRENT,2026-10-27,2859.5,2850.0,69.95,59.95,129.9,4.542752229410736
2026-10-06,M&M,FAR,2026-12-29,2893.0,2900.0,238.5,148.25,386.75,13.368475630833046
2026-10-06,M&M,NEAR,2026-11-23,2876.8,2900.0,94.35,117.0,211.35,7.346704671857619
2026-10-06,MAHABANK,CURRENT,2026-10-27,80.99,81.0,2.82,2.86,5.68,7.013211507593531
2026-10-06,MAHABANK,FAR,2026-12-29,81.68,82.0,6.09,7.73,13.82,16.919686581782564
2026-10-06,MAHABANK,NEAR,2026-11-23,81.26,81.0,4.79,5.91,10.7,13.167610140290424
2026-10-06,MANAPPURAM,CURRENT,2026-10-27,310.7,310.0,9.1,8.9,18.0,5.7933698101062125
2026-10-06,MANAPPURAM,FAR,2026-12-29,308.0,310.0,32.1,21.15,53.25,17.28896103896104
2026-10-06,MANAPPURAM,NEAR,2026-11-23,312.3,310.0,69.25,7.2,76.45,24.4796669868716
2026-10-06,MANKIND,CURRENT,2026-10-27,2508.9,2500.0,66.7,57.15,123.85,4.936426322292638
2026-10-06,MANKIND,FAR,2026-12-29,2488.0,2480.0,221.1,119.75,340.85,13.69975884244373
2026-10-06,MANKIND,NEAR,2026-11-23,2503.2,2500.0,166.0,98.8,264.8,10.578459571748164
2026-10-06,MARICO,CURRENT,2026-10-27,794.95,790.0,18.2,13.25,31.45,3.956223661865526
2026-10-06,MARICO,FAR,2026-12-29,805.0,800.0,37.05,38.15,75.19999999999999,9.341614906832296
2026-10-06,MARICO,NEAR,2026-11-23,797.3,800.0,74.75,37.25,112.0,14.047410008779632
2026-10-06,MARUTI,CURRENT,2026-10-27,11641.0,11600.0,266.85,226.65,493.5,4.239326518340349
2026-10-06,MARUTI,FAR,2026-12-29,11762.0,11800.0,782.35,532.5,1314.85,11.178796123108317
2026-10-06,MARUTI,NEAR,2026-11-23,11695.0,11700.0,393.3,320.0,713.3,6.099187687045745
2026-10-06,MAXHEALTH,CURRENT,2026-10-27,902.95,900.0,28.25,25.15,53.4,5.913948723628107
2026-10-06,MAXHEALTH,FAR,2026-12-29,907.15,900.0,56.0,27.65,83.65,9.221187234746184
2026-10-06,MAXHEALTH,NEAR,2026-11-23,904.75,900.0,149.65,36.0,185.65,20.51948051948052
2026-10-06,MAZDOCK,CURRENT,2026-10-27,2110.2,2120.0,61.95,71.05,133.0,6.302720121315515
2026-10-06,MAZDOCK,FAR,2026-12-29,2101.0,2120.0,194.35,196.2,390.55,18.58876725368872
2026-10-06,MAZDOCK,NEAR,2026-11-23,2106.5,2100.0,84.6,92.85,177.45,8.423925943508188
2026-10-06,MCX,CURRENT,2026-10-27,3325.5,3350.0,106.45,129.85,236.3,7.105698391219366
2026-10-06,MCX,FAR,2026-12-29,3350.6,3400.0,252.8,371.0,623.8,18.617561033844684
2026-10-06,MCX,NEAR,2026-11-23,3341.8,3350.0,197.3,285.55,482.85,14.448800047878388
2026-10-06,MFSL,CURRENT,2026-10-27,1364.2,1360.0,41.6,37.7,79.30000000000001,5.812930655329131
2026-10-06,MFSL,FAR,2026-12-29,1376.0,1360.0,125.7,73.4,199.1,14.46947674418605
2026-10-06,MFSL,NEAR,2026-11-23,1360.8,1360.0,268.95,45.0,313.95,23.070987654320987
2026-10-06,MOTHERSON,CURRENT,2026-10-27,160.97,160.0,4.71,3.66,8.370000000000001,5.199726657141083
2026-10-06,MOTHERSON,FAR,2026-12-29,162.26,160.0,10.2,12.42,22.62,13.94058917786269
2026-10-06,MOTHERSON,NEAR,2026-11-23,161.79,162.5,8.92,11.42,20.34,12.571852401260896
2026-10-06,MOTILALOFS,CURRENT,2026-10-27,1085.7,1080.0,40.5,35.25,75.75,6.9770654877037845
2026-10-06,MOTILALOFS,FAR,2026-12-29,1092.85,1080.0,70.55,138.5,209.05,19.128883195315005
2026-10-06,MOTILALOFS,NEAR,2026-11-23,1089.15,1080.0,65.8,132.65,198.45,18.220630767111963
2026-10-06,MPHASIS,CURRENT,2026-10-27,2299.1,2300.0,71.7,74.0,145.7,6.337262407028837
2026-10-06,MPHASIS,FAR,2026-12-29,2338.0,2300.0,110.95,222.85,333.8,14.27715996578272
2026-10-06,MPHASIS,NEAR,2026-11-23,2307.3,2300.0,267.75,101.65,369.4,16.01005504269059
2026-10-06,MUTHOOTFIN,CURRENT,2026-10-27,2697.4,2700.0,81.55,82.55,164.1,6.08363609401646
2026-10-06,MUTHOOTFIN,FAR,2026-12-29,2724.4,2700.0,269.35,193.0,462.35,16.97070914696814
2026-10-06,MUTHOOTFIN,NEAR,2026-11-23,2714.2,2700.0,145.0,112.4,257.4,9.483457372338073
2026-10-06,NAM-INDIA,CURRENT,2026-10-27,1072.5,1080.0,27.45,37.1,64.55,6.018648018648019
2026-10-06,NAM-INDIA,FAR,2026-12-29,1040.0,1040.0,119.15,75.9,195.05,18.754807692307693
2026-10-06,NAM-INDIA,NEAR,2026-11-23,1064.0,1060.0,84.65,67.25,151.9,14.276315789473683
2026-10-06,NATIONALUM,CURRENT,2026-10-27,338.35,340.0,11.2,12.55,23.75,7.019358652283138
2026-10-06,NATIONALUM,FAR,2026-12-29,339.7,340.0,40.05,28.4,68.44999999999999,20.15013246982632
2026-10-06,NATIONALUM,NEAR,2026-11-23,338.45,340.0,19.65,19.65,39.3,11.611759491800855
2026-10-06,NAUKRI,CURRENT,2026-10-27,1244.2,1240.0,43.55,39.3,82.85,6.658897283394952
2026-10-06,NAUKRI,FAR,2026-12-29,1233.0,1240.0,106.6,83.45,190.05,15.413625304136255
2026-10-06,NAUKRI,NEAR,2026-11-23,1248.0,1240.0,175.5,47.05,222.55,17.83253205128205
2026-10-06,NBCC,CURRENT,2026-10-27,77.6,77.5,2.19,2.13,4.32,5.567010309278351
2026-10-06,NBCC,FAR,2026-12-29,78.05,78.0,7.47,6.32,13.79,17.668161434977577
2026-10-06,NBCC,NEAR,2026-11-23,78.1,78.0,5.73,5.02,10.75,13.764404609475031
2026-10-06,NESTLEIND,CURRENT,2026-10-27,1342.5,1340.0,35.55,33.3,68.85,5.128491620111732
2026-10-06,NESTLEIND,FAR,2026-12-29,1337.0,1340.0,79.8,54.45,134.25,10.041136873597608
2026-10-06,NESTLEIND,NEAR,2026-11-23,1350.0,1350.0,55.9,48.2,104.1,7.71111111111111
2026-10-06,NHPC,CURRENT,2026-10-27,73.53,74.0,1.38,2.87,4.25,5.779953760369917
2026-10-06,NHPC,FAR,2026-12-29,73.32,74.0,4.81,4.41,9.22,12.575013638843426
2026-10-06,NHPC,NEAR,2026-11-23,73.3,73.0,4.08,3.11,7.19,9.80900409276944
2026-10-06,NIFTY,CURRENT,2026-10-27,22795.4,22800.0,271.1,274.75,545.85,2.394562060766646
2026-10-06,NIFTY,FAR,2026-12-29,23022.6,23000.0,534.4,509.8,1044.2,4.535543335678855
2026-10-06,NIFTY,NEAR,2026-11-23,22891.4,22900.0,408.55,408.55,817.1,3.569462767676944
2026-10-06,NIFTYFPI,CURRENT,2026-10-27,1477.85,1480.0,137.55,8.8,146.35000000000002,9.902899482356126
2026-10-06,NIFTYFPI,FAR,2026-12-29,1495.45,1495.0,48.5,48.1,96.6,6.459594102109732
2026-10-06,NIFTYFPI,NEAR,2026-11-23,1425.2,1425.0,184.0,4.2,188.2,13.205164187482458
2026-10-06,NMDC,CURRENT,2026-10-27,74.42,74.0,2.24,1.83,4.07,5.468959957000807
2026-10-06,NMDC,FAR,2026-12-29,75.2,76.0,6.45,4.33,10.78,14.335106382978724
2026-10-06,NMDC,NEAR,2026-11-23,74.79,75.0,2.95,2.93,5.880000000000001,7.862013638186924
2026-10-06,NTPC,CURRENT,2026-10-27,321.55,322.5,5.05,6.15,11.2,3.4831285958637848
2026-10-06,NTPC,FAR,2026-12-29,322.85,325.0,17.6,14.3,31.9,9.88074957410562
2026-10-06,NTPC,NEAR,2026-11-23,321.15,320.0,9.9,7.65,17.55,5.464736104624008
2026-10-06,NYKAA,CURRENT,2026-10-27,340.4,340.0,8.75,8.2,16.95,4.979435957696827
2026-10-06,NYKAA,FAR,2026-12-29,341.55,340.0,19.0,26.65,45.65,13.365539452495971
2026-10-06,NYKAA,NEAR,2026-11-23,340.9,340.0,22.2,23.15,45.35,13.30302141390437
2026-10-06,OBEROIRLTY,CURRENT,2026-10-27,1750.7,1760.0,51.1,59.9,111.0,6.340321014451362
2026-10-06,OBEROIRLTY,FAR,2026-12-29,1755.0,1760.0,138.55,109.85,248.4,14.153846153846152
2026-10-06,OBEROIRLTY,NEAR,2026-11-23,1747.0,1740.0,116.35,78.0,194.35,11.124785346307958
2026-10-06,OFSS,CURRENT,2026-10-27,10519.0,10500.0,424.4,400.85,825.25,7.845327502614317
2026-10-06,OFSS,FAR,2026-12-29,10378.0,10500.0,880.9,821.1,1702.0,16.400077086143767
2026-10-06,OFSS,NEAR,2026-11-23,10397.0,10500.0,550.0,664.1,1214.1,11.677406944310858
2026-10-06,OIL,CURRENT,2026-10-27,446.9,445.0,12.0,10.5,22.5,5.03468337435668
2026-10-06,OIL,FAR,2026-12-29,447.9,450.0,44.3,28.3,72.6,16.208975217682518
2026-10-06,OIL,NEAR,2026-11-23,447.1,445.0,37.9,19.5,57.4,12.838291210020127
2026-10-06,ONGC,CURRENT,2026-10-27,224.44,225.0,4.22,4.67,8.89,3.960969524148993
2026-10-06,ONGC,FAR,2026-12-29,226.87,225.0,17.67,9.37,27.04,11.918719971790011
2026-10-06,ONGC,NEAR,2026-11-23,225.45,225.0,7.25,5.75,13.0,5.766245287203371
2026-10-06,PAGEIND,CURRENT,2026-10-27,37985.0,38000.0,924.25,926.75,1851.0,4.872976174805845
2026-10-06,PAGEIND,FAR,2026-12-29,37950.0,38000.0,1820.75,2684.0,4504.75,11.87022397891963
2026-10-06,PAGEIND,NEAR,2026-11-23,37950.0,38000.0,1450.0,3282.3,4732.3,12.469828722002635
2026-10-06,PATANJALI,CURRENT,2026-10-27,364.8,365.0,12.6,12.95,25.55,7.003837719298245
2026-10-06,PATANJALI,FAR,2026-12-29,366.2,370.0,31.0,24.15,55.15,15.0600764609503
2026-10-06,PATANJALI,NEAR,2026-11-23,365.75,365.0,26.45,16.8,43.25,11.825017088174985
2026-10-06,PAYTM,CURRENT,2026-10-27,1691.2,1700.0,53.65,61.7,115.35,6.820600756859034
2026-10-06,PAYTM,FAR,2026-12-29,1708.0,1720.0,167.8,179.6,347.4,20.33957845433256
2026-10-06,PAYTM,NEAR,2026-11-23,1697.9,1700.0,74.5,83.2,157.7,9.28794393073797
2026-10-06,PERSISTENT,CURRENT,2026-10-27,5510.5,5500.0,205.1,196.6,401.7,7.289719626168225
2026-10-06,PERSISTENT,FAR,2026-12-29,5521.0,5600.0,295.05,651.0,946.05,17.135482702408982
2026-10-06,PERSISTENT,NEAR,2026-11-23,5512.0,5500.0,300.0,512.1,812.1,14.7333091436865
2026-10-06,PETRONET,CURRENT,2026-10-27,295.65,295.0,6.4,5.95,12.35,4.177236597327922
2026-10-06,PETRONET,FAR,2026-12-29,291.0,290.0,18.3,21.1,39.400000000000006,13.539518900343644
2026-10-06,PETRONET,NEAR,2026-11-23,295.25,295.0,11.25,20.65,31.9,10.804403048264184
2026-10-06,PFC,CURRENT,2026-10-27,324.75,325.0,7.85,8.2,16.049999999999997,4.942263279445727
2026-10-06,PFC,FAR,2026-12-29,325.65,330.0,23.95,25.05,49.0,15.046829418086904
2026-10-06,PFC,NEAR,2026-11-23,325.75,325.0,9.45,10.55,20.0,6.139677666922486
2026-10-06,PGEL,CURRENT,2026-10-27,530.35,530.0,17.75,18.05,35.8,6.750259262751013
2026-10-06,PGEL,FAR,2026-12-29,534.15,540.0,40.5,79.45,119.95,22.45623888420856
2026-10-06,PGEL,NEAR,2026-11-23,532.6,530.0,30.0,62.7,92.7,17.405182125422456
2026-10-06,PHOENIXLTD,CURRENT,2026-10-27,1883.0,1880.0,56.6,53.8,110.4,5.862984599044079
2026-10-06,PHOENIXLTD,FAR,2026-12-29,1904.4,1920.0,157.8,120.7,278.5,14.62402856542743
2026-10-06,PHOENIXLTD,NEAR,2026-11-23,1892.1,1900.0,131.95,86.1,218.05,11.524232334443212
2026-10-06,PIDILITIND,CURRENT,2026-10-27,1527.9,1520.0,34.35,27.1,61.45,4.021860069376268
2026-10-06,PIDILITIND,FAR,2026-12-29,1503.0,1520.0,63.35,56.4,119.75,7.967398536260811
2026-10-06,PIDILITIND,NEAR,2026-11-23,1538.2,1540.0,33.9,99.25,133.15,8.656221557664804
2026-10-06,PIIND,CURRENT,2026-10-27,2259.5,2260.0,108.65,60.6,169.25,7.490595264439036
2026-10-06,PIIND,FAR,2026-12-29,2233.0,2240.0,200.7,119.1,319.79999999999995,14.32154052843708
2026-10-06,PIIND,NEAR,2026-11-23,2244.6,2240.0,159.55,90.85,250.4,11.1556624788381
2026-10-06,PNB,CURRENT,2026-10-27,112.01,112.0,3.16,3.12,6.28,5.606642264083564
2026-10-06,PNB,FAR,2026-12-29,113.05,114.0,7.21,7.79,15.0,13.26846528084918
2026-10-06,PNB,NEAR,2026-11-23,112.5,112.0,10.9,5.3,16.2,14.4
2026-10-06,PNBHOUSING,CURRENT,2026-10-27,1109.2,1100.0,40.55,31.2,71.75,6.468626036783268
2026-10-06,PNBHOUSING,FAR,2026-12-29,1121.8,1120.0,89.1,94.5,183.6,16.366553752897133
2026-10-06,PNBHOUSING,NEAR,2026-11-23,1116.5,1120.0,141.2,62.6,203.8,18.25347066726377
2026-10-06,POLICYBZR,CURRENT,2026-10-27,1037.4,1040.0,47.65,50.4,98.05,9.45151339888182
2026-10-06,POLICYBZR,FAR,2026-12-29,1042.0,1040.0,184.5,128.3,312.8,30.01919385796545
2026-10-06,POLICYBZR,NEAR,2026-11-23,1040.2,1040.0,74.0,74.0,148.0,14.228033070563354
2026-10-06,POLYCAB,CURRENT,2026-10-27,8168.5,8200.0,209.0,244.0,453.0,5.545693823835466
2026-10-06,POLYCAB,FAR,2026-12-29,8168.5,8200.0,632.55,609.9,1242.4499999999998,15.210258921466608
2026-10-06,POLYCAB,NEAR,2026-11-23,8204.0,8200.0,290.0,320.0,610.0,7.435397367137981
2026-10-06,POWERGRID,CURRENT,2026-10-27,257.35,257.5,5.0,4.95,9.95,3.866329900913153
2026-10-06,POWERGRID,FAR,2026-12-29,256.0,255.0,19.35,9.1,28.450000000000003,11.113281250000002
2026-10-06,POWERGRID,NEAR,2026-11-23,254.9,255.0,10.1,1.55,11.65,4.570419772459788
2026-10-06,POWERINDIA,CURRENT,2026-10-27,31895.0,32000.0,947.0,1046.55,1993.55,6.250352719862047
2026-10-06,POWERINDIA,FAR,2026-12-29,32100.0,32000.0,2978.8,3774.95,6753.75,21.039719626168225
2026-10-06,POWERINDIA,NEAR,2026-11-23,31995.0,32000.0,1707.7,1670.0,3377.7,10.556962025316457
2026-10-06,PREMIERENE,CURRENT,2026-10-27,910.1,920.0,26.4,36.45,62.85,6.905834523678717
2026-10-06,PREMIERENE,FAR,2026-12-29,900.8,920.0,58.8,95.3,154.1,17.107015985790408
2026-10-06,PREMIERENE,NEAR,2026-11-23,907.85,900.0,39.0,57.0,96.0,10.57443410254998
2026-10-06,PRESTIGE,CURRENT,2026-10-27,1465.8,1460.0,52.3,45.8,98.1,6.692591076545232
2026-10-06,PRESTIGE,FAR,2026-12-29,1480.0,1480.0,103.6,144.4,248.0,16.756756756756758
2026-10-06,PRESTIGE,NEAR,2026-11-23,1468.9,1460.0,81.2,64.1,145.3,9.89175573558445
2026-10-06,RADICO,CURRENT,2026-10-27,4474.7,4450.0,145.0,119.55,264.55,5.912128187364517
2026-10-06,RADICO,FAR,2026-12-29,4508.6,4500.0,302.35,372.45,674.8,14.966952047198683
2026-10-06,RADICO,NEAR,2026-11-23,4526.8,4550.0,197.35,342.95,540.3,11.93558363523902
2026-10-06,RBLBANK,CURRENT,2026-10-27,415.0,415.0,12.65,12.85,25.5,6.144578313253012
2026-10-06,RBLBANK,FAR,2026-12-29,418.25,420.0,27.25,39.1,66.35,15.863717872086072
2026-10-06,RBLBANK,NEAR,2026-11-23,416.85,415.0,21.05,30.4,51.45,12.34256926952141
2026-10-06,RECLTD,CURRENT,2026-10-27,300.9,300.0,8.05,7.25,15.3,5.084745762711865
2026-10-06,RECLTD,FAR,2026-12-29,297.65,300.0,20.6,23.75,44.35,14.900050394758946
2026-10-06,RECLTD,NEAR,2026-11-23,298.0,300.0,10.25,12.3,22.55,7.567114093959732
2026-10-06,RELIANCE,CURRENT,2026-10-27,1219.5,1220.0,25.95,26.7,52.65,4.317343173431734
2026-10-06,RELIANCE,FAR,2026-12-29,1232.9,1240.0,30.95,51.5,82.45,6.6874847919539295
2026-10-06,RELIANCE,NEAR,2026-11-23,1225.9,1230.0,34.95,38.0,72.95,5.950730075862632
2026-10-06,RVNL,CURRENT,2026-10-27,199.84,200.0,6.83,6.92,13.75,6.880504403522818
2026-10-06,RVNL,FAR,2026-12-29,199.24,200.0,18.51,13.0,31.51,15.815097370006024
2026-10-06,RVNL,NEAR,2026-11-23,199.47,200.0,10.4,12.78,23.18,11.62079510703364
2026-10-06,SAGILITY,CURRENT,2026-10-27,44.12,44.0,1.45,1.31,2.76,6.255666364460562
2026-10-06,SAGILITY,FAR,2026-12-29,43.31,44.0,3.15,3.96,7.109999999999999,16.41653197875779
2026-10-06,SAGILITY,NEAR,2026-11-23,44.42,44.0,3.47,3.79,7.26,16.34398919405673
2026-10-06,SAIL,CURRENT,2026-10-27,179.99,180.0,8.77,5.73,14.5,8.05600311128396
2026-10-06,SAIL,FAR,2026-12-29,181.42,180.0,18.13,13.67,31.8,17.528387167897698
2026-10-06,SAIL,NEAR,2026-11-23,177.17,177.5,15.42,9.52,24.94,14.076875317491677
2026-10-06,SBICARD,CURRENT,2026-10-27,569.85,570.0,18.0,17.7,35.7,6.264806528033693
2026-10-06,SBICARD,FAR,2026-12-29,574.25,580.0,43.15,33.65,76.8,13.373966042664346
2026-10-06,SBICARD,NEAR,2026-11-23,572.65,570.0,26.8,26.0,52.8,9.22029162664804
2026-10-06,SBILIFE,CURRENT,2026-10-27,1747.3,1740.0,45.4,38.8,84.19999999999999,4.818863389229096
2026-10-06,SBILIFE,FAR,2026-12-29,1766.0,1760.0,90.6,89.8,180.4,10.215175537938844
2026-10-06,SBILIFE,NEAR,2026-11-23,1759.8,1760.0,101.85,77.75,179.6,10.20570519377202
2026-10-06,SBIN,CURRENT,2026-10-27,959.45,960.0,18.75,19.15,37.9,3.950179790504977
2026-10-06,SBIN,FAR,2026-12-29,970.6,980.0,53.45,54.4,107.85,11.111683494745517
2026-10-06,SBIN,NEAR,2026-11-23,964.15,960.0,35.55,30.0,65.55,6.79873463672665
2026-10-06,SHREECEM,CURRENT,2026-10-27,22235.0,22250.0,558.65,595.8,1154.4499999999998,5.192039577243084
2026-10-06,SHREECEM,FAR,2026-12-29,22025.0,22000.0,1311.5,1000.0,2311.5,10.49489216799092
2026-10-06,SHREECEM,NEAR,2026-11-23,22080.0,22000.0,3089.35,1000.0,4089.35,18.520606884057973
2026-10-06,SHRIRAMFIN,CURRENT,2026-10-27,964.45,960.0,31.85,27.3,59.150000000000006,6.133029187619887
2026-10-06,SHRIRAMFIN,FAR,2026-12-29,970.1,960.0,93.15,67.6,160.75,16.5704566539532
2026-10-06,SHRIRAMFIN,NEAR,2026-11-23,965.7,960.0,216.0,50.5,266.5,27.59656207932069
2026-10-06,SIEMENS,CURRENT,2026-10-27,3858.8,3850.0,106.25,94.35,200.6,5.19850730797139
2026-10-06,SIEMENS,FAR,2026-12-29,3813.0,3800.0,265.55,299.85,565.4000000000001,14.828219249934438
2026-10-06,SIEMENS,NEAR,2026-11-23,3852.1,3850.0,172.85,278.65,451.5,11.720879520261676
2026-10-06,SOLARINDS,CURRENT,2026-10-27,20229.0,20250.0,622.55,657.5,1280.05,6.327796727470463
2026-10-06,SOLARINDS,FAR,2026-12-29,20443.0,20500.0,1068.2,2617.85,3686.05,18.03086631120677
2026-10-06,SOLARINDS,NEAR,2026-11-23,20321.0,20250.0,752.25,2172.4,2924.65,14.392254318193004
2026-10-06,SONACOMS,CURRENT,2026-10-27,819.05,820.0,25.7,26.95,52.65,6.428178987851779
2026-10-06,SONACOMS,FAR,2026-12-29,812.0,820.0,66.4,58.75,125.15,15.41256157635468
2026-10-06,SONACOMS,NEAR,2026-11-23,814.05,810.0,55.15,42.3,97.45,11.971009151772003
2026-10-06,SRF,CURRENT,2026-10-27,2480.2,2480.0,59.95,60.75,120.7,4.866543020724136
2026-10-06,SRF,FAR,2026-12-29,2507.0,2520.0,140.6,203.55,344.15,13.72756282409254
2026-10-06,SRF,NEAR,2026-11-23,2491.3,2500.0,241.45,129.3,370.75,14.881788624412955
2026-10-06,SUNPHARMA,CURRENT,2026-10-27,1803.6,1800.0,31.5,27.85,59.35,3.2906409403415395
2026-10-06,SUNPHARMA,FAR,2026-12-29,1811.7,1800.0,138.15,46.75,184.9,10.205883976375778
2026-10-06,SUNPHARMA,NEAR,2026-11-23,1814.1,1820.0,101.45,40.3,141.75,7.813791962956838
2026-10-06,SUPREMEIND,CURRENT,2026-10-27,3521.4,3500.0,108.6,89.0,197.6,5.611404555006532
2026-10-06,SUPREMEIND,FAR,2026-12-29,3555.0,3600.0,206.95,308.45,515.4,14.497890295358648
2026-10-06,SUPREMEIND,NEAR,2026-11-23,3534.3,3550.0,162.95,235.6,398.55,11.276631864867156
2026-10-06,SUZLON,CURRENT,2026-10-27,39.34,39.0,1.57,1.25,2.8200000000000003,7.168276563294357
2026-10-06,SUZLON,FAR,2026-12-29,39.92,40.0,3.46,3.38,6.84,17.134268537074146
2026-10-06,SUZLON,NEAR,2026-11-23,39.49,39.0,2.56,1.73,4.29,10.86350974930362
2026-10-06,SWIGGY,CURRENT,2026-10-27,245.7,245.0,9.1,8.2,17.299999999999997,7.041107041107041
2026-10-06,SWIGGY,FAR,2026-12-29,248.2,250.0,26.6,19.25,45.85,18.47300564061241
2026-10-06,SWIGGY,NEAR,2026-11-23,246.85,245.0,23.55,12.65,36.2,14.664776179866315
2026-10-06,TATACONSUM,CURRENT,2026-10-27,976.45,980.0,18.25,22.35,40.6,4.157918992267909
2026-10-06,TATACONSUM,FAR,2026-12-29,984.0,980.0,54.55,52.5,107.05,10.879065040650406
2026-10-06,TATACONSUM,NEAR,2026-11-23,981.05,980.0,116.95,21.9,138.85,14.153203200652362
2026-10-06,TATAELXSI,CURRENT,2026-10-27,3111.2,3100.0,115.85,103.85,219.7,7.061583954744151
2026-10-06,TATAELXSI,FAR,2026-12-29,3111.0,3100.0,318.6,162.65,481.25,15.469302475088394
2026-10-06,TATAELXSI,NEAR,2026-11-23,3112.1,3100.0,668.25,149.4,817.65,26.273256000771184
2026-10-06,TATAPOWER,CURRENT,2026-10-27,353.8,355.0,6.5,7.65,14.15,3.999434708875071
2026-10-06,TATAPOWER,FAR,2026-12-29,357.5,360.0,22.25,17.95,40.2,11.244755244755249
2026-10-06,TATAPOWER,NEAR,2026-11-23,355.45,355.0,11.0,12.2,23.2,6.526937684625123
2026-10-06,TATASTEEL,CURRENT,2026-10-27,179.02,180.0,4.49,5.47,9.96,5.563624176069713
2026-10-06,TATASTEEL,FAR,2026-12-29,181.15,180.0,10.67,6.93,17.6,9.715705216671267
2026-10-06,TATASTEEL,NEAR,2026-11-23,179.93,180.0,7.2,7.29,14.49,8.05313177346746
2026-10-06,TCS,CURRENT,2026-10-27,2085.5,2080.0,69.05,62.8,131.85,6.322224886118437
2026-10-06,TCS,FAR,2026-12-29,2107.1,2120.0,109.7,166.25,275.95,13.09619856675051
2026-10-06,TCS,NEAR,2026-11-23,2095.8,2100.0,90.9,90.85,181.75,8.672106116995895
2026-10-06,TECHM,CURRENT,2026-10-27,1496.4,1500.0,45.0,48.75,93.75,6.265036086607859
2026-10-06,TECHM,FAR,2026-12-29,1502.5,1520.0,104.7,91.95,196.65,13.088186356073212
2026-10-06,TECHM,NEAR,2026-11-23,1500.7,1500.0,61.2,60.0,121.2,8.076231092156993
2026-10-06,TIINDIA,CURRENT,2026-10-27,2476.6,2500.0,67.85,88.9,156.75,6.329241702333845
2026-10-06,TIINDIA,FAR,2026-12-29,2497.2,2500.0,175.3,225.65,400.9500000000001,16.055982700624703
2026-10-06,TIINDIA,NEAR,2026-11-23,2489.7,2500.0,498.8,73.65,572.45,22.99273004779693
2026-10-06,TITAN,CURRENT,2026-10-27,4564.8,4550.0,120.0,103.9,223.9,4.904924640729058
2026-10-06,TITAN,FAR,2026-12-29,4619.6,4600.0,331.7,189.3,521.0,11.278032730106505
2026-10-06,TITAN,NEAR,2026-11-23,4590.7,4600.0,131.4,142.55,273.95000000000005,5.967499509878669
2026-10-06,TMPV,CURRENT,2026-10-27,287.3,285.0,9.35,6.85,16.2,5.638705186216498
2026-10-06,TMPV,FAR,2026-12-29,290.35,290.0,18.65,23.45,42.1,14.499741691062509
2026-10-06,TMPV,NEAR,2026-11-23,288.85,290.0,12.55,13.7,26.25,9.087761814090358
2026-10-06,TORNTPHARM,CURRENT,2026-10-27,4792.4,4800.0,97.3,103.95,201.25,4.199357315749937
2026-10-06,TORNTPHARM,FAR,2026-12-29,4828.4,4800.0,350.25,185.9,536.15,11.104092452986498
2026-10-06,TORNTPHARM,NEAR,2026-11-23,4817.9,4800.0,374.2,170.0,544.2,11.295377654164678
2026-10-06,TRENT,CURRENT,2026-10-27,2916.3,2900.0,85.2,69.85,155.05,5.316668381167919
2026-10-06,TRENT,FAR,2026-12-29,2934.1,2900.0,155.1,355.75,510.85,17.410790361610033
2026-10-06,TRENT,NEAR,2026-11-23,2925.8,2950.0,117.75,359.4,477.15,16.308360106637497
2026-10-06,TVSMOTOR,CURRENT,2026-10-27,4000.6,4000.0,107.4,105.0,212.4,5.309203619457082
2026-10-06,TVSMOTOR,FAR,2026-12-29,4075.0,4100.0,292.9,241.75,534.65,13.120245398773006
2026-10-06,TVSMOTOR,NEAR,2026-11-23,4023.7,4000.0,202.0,155.25,357.25,8.87864403409797
2026-10-06,UJJIVANSFB,CURRENT,2026-10-27,65.64,66.0,2.24,2.52,4.76,7.25167580743449
2026-10-06,UJJIVANSFB,FAR,2026-12-29,66.34,66.0,6.04,5.81,11.85,17.862526379258366
2026-10-06,UJJIVANSFB,NEAR,2026-11-23,65.84,66.0,4.55,4.7,9.25,14.04921020656136
2026-10-06,ULTRACEMCO,CURRENT,2026-10-27,10799.0,10800.0,242.35,240.9,483.25,4.474951384387444
2026-10-06,ULTRACEMCO,FAR,2026-12-29,10900.0,10800.0,685.6,450.0,1135.6,10.41834862385321
2026-10-06,ULTRACEMCO,NEAR,2026-11-23,10834.0,10800.0,1163.75,263.3,1427.05,13.171958648698542
2026-10-06,UNIONBANK,CURRENT,2026-10-27,168.46,167.5,5.72,4.63,10.35,6.143891725038585
2026-10-06,UNIONBANK,FAR,2026-12-29,170.0,170.0,12.71,14.22,26.93,15.841176470588236
2026-10-06,UNIONBANK,NEAR,2026-11-23,169.38,170.0,7.2,7.5,14.7,8.678710591569253
2026-10-06,UNITDSPR,CURRENT,2026-10-27,1361.8,1360.0,35.4,33.75,69.15,5.077838155382582
2026-10-06,UNITDSPR,FAR,2026-12-29,1379.5,1360.0,90.2,67.3,157.5,11.417180137731062
2026-10-06,UNITDSPR,NEAR,2026-11-23,1369.2,1360.0,227.15,50.0,277.15,20.241747005550685
2026-10-06,UNOMINDA,CURRENT,2026-10-27,1116.6,1120.0,29.0,32.7,61.7,5.525703027046392
2026-10-06,UNOMINDA,FAR,2026-12-29,1116.9,1120.0,123.15,64.75,187.9,16.823350344704092
2026-10-06,UNOMINDA,NEAR,2026-11-23,1115.7,1120.0,186.75,36.7,223.45,20.027785246930176
2026-10-06,UPL,CURRENT,2026-10-27,509.7,510.0,13.0,13.6,26.6,5.218756131057485
2026-10-06,UPL,FAR,2026-12-29,515.85,520.0,54.1,28.45,82.55,16.002713967238538
2026-10-06,UPL,NEAR,2026-11-23,512.25,510.0,49.85,20.0,69.85,13.635919960956564
2026-10-06,VBL,CURRENT,2026-10-27,440.55,440.0,12.1,11.65,23.75,5.390988537055953
2026-10-06,VBL,FAR,2026-12-29,445.25,450.0,25.4,38.8,64.19999999999999,14.418865805727116
2026-10-06,VBL,NEAR,2026-11-23,442.9,445.0,19.45,30.45,49.9,11.2666516143599
2026-10-06,VEDL,CURRENT,2026-10-27,265.45,265.0,8.45,7.95,16.4,6.178187982670936
2026-10-06,VEDL,FAR,2026-12-29,266.8,270.0,19.6,25.65,45.25,16.960269865067463
2026-10-06,VEDL,NEAR,2026-11-23,266.25,265.0,12.5,18.75,31.25,11.737089201877934
2026-10-06,VMM,CURRENT,2026-10-27,101.39,101.0,3.38,2.92,6.3,6.213630535555774
2026-10-06,VMM,FAR,2026-12-29,102.3,102.0,9.57,5.77,15.34,14.995112414467254
2026-10-06,VMM,NEAR,2026-11-23,101.75,102.0,7.61,4.4,12.010000000000002,11.803439803439804
2026-10-06,VOLTAS,CURRENT,2026-10-27,1070.0,1060.0,36.65,26.4,63.05,5.892523364485982
2026-10-06,VOLTAS,FAR,2026-12-29,1083.0,1080.0,95.75,69.95,165.7,15.300092336103416
2026-10-06,VOLTAS,NEAR,2026-11-23,1075.8,1080.0,46.0,48.3,94.3,8.765569808514593
2026-10-06,WAAREEENER,CURRENT,2026-10-27,2400.7,2400.0,71.7,71.55,143.25,5.967009622193528
2026-10-06,WAAREEENER,FAR,2026-12-29,2399.2,2400.0,221.65,206.45,428.1,17.84344781593865
2026-10-06,WAAREEENER,NEAR,2026-11-23,2397.8,2400.0,105.0,115.0,220.0,9.175077154057885
2026-10-06,WIPRO,CURRENT,2026-10-27,162.28,162.5,5.09,5.29,10.38,6.396351984224796
2026-10-06,WIPRO,FAR,2026-12-29,161.77,160.0,9.21,10.07,19.28,11.918155405823082
2026-10-06,WIPRO,NEAR,2026-11-23,161.95,162.5,5.63,9.9,15.53,9.58937943809818
2026-10-06,YESBANK,CURRENT,2026-10-27,20.93,21.0,0.61,0.66,1.27,6.067845198279981
2026-10-06,YESBANK,FAR,2026-12-29,21.18,22.0,1.13,2.09,3.22,15.203021718602455
2026-10-06,YESBANK,NEAR,2026-11-23,21.07,21.0,1.14,0.5,1.64,7.783578547698148
2026-10-06,ZYDUSLIFE,CURRENT,2026-10-27,1168.2,1170.0,29.7,31.15,60.85,5.208868344461564
2026-10-06,ZYDUSLIFE,FAR,2026-12-29,1173.1,1180.0,89.9,52.15,142.05,12.108942119171427
2026-10-06,ZYDUSLIFE,NEAR,2026-11-23,1173.5,1170.0,47.0,35.9,82.9,7.064337452066469
2026-10-07,360ONE,CURRENT,2026-10-27,1060.2,1060.0,31.65,31.9,63.55,5.994152046783626
2026-10-07,360ONE,FAR,2026-12-29,1067.3,1080.0,63.2,98.15,161.35000000000002,15.117586433055378
2026-10-07,360ONE,NEAR,2026-11-23,1060.5,1060.0,51.3,72.7,124.0,11.692597831211692
2026-10-07,ABB,CURRENT,2026-10-27,7013.5,7000.0,215.55,200.55,416.1,5.932843801240465
2026-10-07,ABB,FAR,2026-12-29,7050.0,7000.0,392.9,629.85,1022.75,14.507092198581562
2026-10-07,ABB,NEAR,2026-11-23,7037.5,7000.0,328.0,280.0,608.0,8.63943161634103
2026-10-07,ABCAPITAL,CURRENT,2026-10-27,372.55,375.0,8.95,11.3,20.25,5.435512011810495
2026-10-07,ABCAPITAL,FAR,2026-12-29,377.0,380.0,31.75,28.2,59.95,15.901856763925732
2026-10-07,ABCAPITAL,NEAR,2026-11-23,374.35,375.0,26.5,20.2,46.7,12.474956591425135
2026-10-07,ADANIENSOL,CURRENT,2026-10-27,1323.0,1320.0,50.55,46.5,97.05,7.3356009070294785
2026-10-07,ADANIENSOL,FAR,2026-12-29,1362.1,1360.0,118.2,152.45,270.65,19.870053593715586
2026-10-07,ADANIENSOL,NEAR,2026-11-23,1332.0,1340.0,79.6,115.85,195.45,14.673423423423424
2026-10-07,ADANIENT,CURRENT,2026-10-27,2749.6,2750.0,87.2,86.15,173.35000000000002,6.3045533895839405
2026-10-07,ADANIENT,FAR,2026-12-29,2784.8,2800.0,383.65,147.1,530.75,19.05881930479747
2026-10-07,ADANIENT,NEAR,2026-11-23,2764.0,2750.0,350.55,103.2,453.75,16.41642547033285
2026-10-07,ADANIGREEN,CURRENT,2026-10-27,1346.4,1340.0,47.8,41.8,89.6,6.65478312537136
2026-10-07,ADANIGREEN,FAR,2026-12-29,1360.0,1360.0,100.9,181.0,281.9,20.727941176470587
2026-10-07,ADANIGREEN,NEAR,2026-11-23,1351.4,1360.0,136.35,146.15,282.5,20.904247447091905
2026-10-07,ADANIPORTS,CURRENT,2026-10-27,1750.8,1760.0,33.9,42.8,76.69999999999999,4.380854466529586
2026-10-07,ADANIPORTS,FAR,2026-12-29,1769.5,1760.0,181.75,94.0,275.75,15.583498163322972
2026-10-07,ADANIPORTS,NEAR,2026-11-23,1760.2,1760.0,70.0,139.5,209.5,11.902056584479036
2026-10-07,ADANIPOWER,CURRENT,2026-10-27,197.23,197.5,6.49,6.62,13.11,6.647061806013284
2026-10-07,ADANIPOWER,FAR,2026-12-29,199.53,200.0,10.85,19.02,29.87,14.97017992281862
2026-10-07,ADANIPOWER,NEAR,2026-11-23,198.25,197.5,14.73,14.17,28.9,14.577553593947034
2026-10-07,ALKEM,CURRENT,2026-10-27,5353.0,5350.0,120.1,115.8,235.9,4.406874649729123
2026-10-07,ALKEM,FAR,2026-12-29,5435.0,5400.0,250.45,321.35,571.8,10.52069917203312
2026-10-07,ALKEM,NEAR,2026-11-23,5377.0,5400.0,312.4,264.15,576.55,10.722521852334015
2026-10-07,AMBER,CURRENT,2026-10-27,6841.5,6800.0,205.8,172.7,378.5,5.532412482642695
2026-10-07,AMBER,FAR,2026-12-29,6875.0,6800.0,623.6,717.5,1341.1,19.50690909090909
2026-10-07,AMBER,NEAR,2026-11-23,6854.0,6900.0,418.45,650.65,1069.1,15.598190837467172
2026-10-07,AMBUJACEM,CURRENT,2026-10-27,358.85,360.0,15.0,10.7,25.7,7.161766754911522
2026-10-07,AMBUJACEM,FAR,2026-12-29,370.0,370.0,25.15,24.0,49.15,13.283783783783784
2026-10-07,AMBUJACEM,NEAR,2026-11-23,360.75,360.0,65.2,6.75,71.95,19.944559944559945
2026-10-07,ANANDRATHI,CURRENT,2026-10-27,2140.4,2140.0,78.1,78.15,156.25,7.300037376191367
2026-10-07,ANANDRATHI,FAR,2026-12-29,2161.1,2160.0,111.5,139.3,250.8,11.60520105501828
2026-10-07,ANANDRATHI,NEAR,2026-11-23,2150.6,2160.0,78.65,130.7,209.35,9.734492699711708
2026-10-07,ANGELONE,CURRENT,2026-10-27,302.4,300.0,13.25,10.55,23.8,7.87037037037037
2026-10-07,ANGELONE,FAR,2026-12-29,303.3,300.0,20.0,41.0,61.0,20.112100230794592
2026-10-07,ANGELONE,NEAR,2026-11-23,302.4,300.0,18.8,18.0,36.8,12.16931216931217
2026-10-07,APLAPOLLO,CURRENT,2026-10-27,2134.1,2140.0,57.25,62.75,120.0,5.622979241834966
2026-10-07,APLAPOLLO,FAR,2026-12-29,2152.8,2160.0,181.8,121.55,303.35,14.09095131921219
2026-10-07,APLAPOLLO,NEAR,2026-11-23,2143.0,2140.0,153.2,85.6,238.8,11.143257116192252
2026-10-07,APOLLOHOSP,CURRENT,2026-10-27,7911.0,7900.0,171.1,162.3,333.4,4.214385033497662
2026-10-07,APOLLOHOSP,FAR,2026-12-29,7977.5,8000.0,600.0,260.0,860.0,10.78031964901285
2026-10-07,APOLLOHOSP,NEAR,2026-11-23,7955.5,8000.0,228.85,290.0,518.85,6.5219030859154055
2026-10-07,ASHOKLEY,CURRENT,2026-10-27,149.41,150.0,4.1,4.72,8.82,5.903219329362158
2026-10-07,ASHOKLEY,FAR,2026-12-29,150.4,150.0,15.61,9.97,25.58,17.007978723404253
2026-10-07,ASHOKLEY,NEAR,2026-11-23,149.64,150.0,6.57,6.75,13.32,8.901363271852446
2026-10-07,ASIANPAINT,CURRENT,2026-10-27,2370.7,2380.0,43.3,53.2,96.5,4.070527692242798
2026-10-07,ASIANPAINT,FAR,2026-12-29,2394.0,2400.0,95.0,104.2,199.2,8.320802005012531
2026-10-07,ASIANPAINT,NEAR,2026-11-23,2380.5,2380.0,98.45,73.65,172.10000000000002,7.229573618987609
2026-10-07,ASTRAL,CURRENT,2026-10-27,1436.3,1440.0,32.0,35.8,67.8,4.720462298962612
2026-10-07,ASTRAL,FAR,2026-12-29,1441.0,1440.0,80.05,123.95,204.0,14.156835530881333
2026-10-07,ASTRAL,NEAR,2026-11-23,1441.0,1440.0,180.35,58.95,239.3,16.606523247744622
2026-10-07,ATHERENERG,CURRENT,2026-10-27,1436.3,1440.0,50.45,54.4,104.85,7.300006962333774
2026-10-07,ATHERENERG,FAR,2026-12-29,1407.0,1400.0,160.95,133.45,294.4,20.92395167022033
2026-10-07,ATHERENERG,NEAR,2026-11-23,1418.7,1420.0,115.2,115.6,230.8,16.268414745894127
2026-10-07,AUBANK,CURRENT,2026-10-27,999.7,1000.0,27.9,27.95,55.85,5.586676002800839
2026-10-07,AUBANK,FAR,2026-12-29,1011.0,1020.0,71.05,70.95,142.0,14.04549950544016
2026-10-07,AUBANK,NEAR,2026-11-23,1004.4,1000.0,43.4,35.1,78.5,7.815611310234967
2026-10-07,AUROPHARMA,CURRENT,2026-10-27,1686.0,1680.0,43.95,37.85,81.80000000000001,4.851720047449586
2026-10-07,AUROPHARMA,FAR,2026-12-29,1715.3,1720.0,110.75,107.85,218.6,12.744126391884802
2026-10-07,AUROPHARMA,NEAR,2026-11-23,1691.2,1700.0,91.3,68.0,159.3,9.419347209082307
2026-10-07,AXISBANK,CURRENT,2026-10-27,1249.2,1250.0,27.75,28.6,56.35,4.510886967659302
2026-10-07,AXISBANK,FAR,2026-12-29,1263.3,1260.0,57.25,86.7,143.95,11.394759756194096
2026-10-07,AXISBANK,NEAR,2026-11-23,1256.0,1260.0,35.0,38.0,73.0,5.812101910828026
2026-10-07,BAJAJ-AUTO,CURRENT,2026-10-27,9867.0,9900.0,181.7,217.5,399.2,4.045809263200567
2026-10-07,BAJAJ-AUTO,FAR,2026-12-29,9963.0,10000.0,1192.15,369.3,1561.45,15.672488206363546
2026-10-07,BAJAJ-AUTO,NEAR,2026-11-23,9929.0,9900.0,335.3,369.55,704.85,7.098902205660187
2026-10-07,BAJAJFINSV,CURRENT,2026-10-27,1742.6,1740.0,39.45,37.35,76.80000000000001,4.407207620796512
2026-10-07,BAJAJFINSV,FAR,2026-12-29,1761.3,1760.0,106.65,98.45,205.1,11.644807812411289
2026-10-07,BAJAJFINSV,NEAR,2026-11-23,1749.4,1740.0,88.75,70.9,159.65,9.12598605236081
2026-10-07,BAJAJHLDNG,CURRENT,2026-10-27,10656.0,10700.0,200.0,282.1,482.1,4.524211711711712
2026-10-07,BAJFINANCE,CURRENT,2026-10-27,967.4,970.0,25.55,28.2,53.75,5.556129832540831
2026-10-07,BAJFINANCE,FAR,2026-12-29,978.55,980.0,73.15,65.0,138.15,14.117827397680244
2026-10-07,BAJFINANCE,NEAR,2026-11-23,972.45,970.0,42.6,47.6,90.2,9.27554115892848
2026-10-07,BANDHANBNK,CURRENT,2026-10-27,163.07,162.5,25.61,2.06,27.67,16.96817317716318
2026-10-07,BANDHANBNK,FAR,2026-12-29,172.25,170.0,27.8,10.0,37.8,21.94484760522496
2026-10-07,BANDHANBNK,NEAR,2026-11-23,165.65,165.0,27.05,3.9,30.95,18.6839722306067
2026-10-07,BANKBARODA,CURRENT,2026-10-27,234.86,235.0,5.51,5.6,11.11,4.730477731414459
2026-10-07,BANKBARODA,FAR,2026-12-29,236.99,235.0,13.51,17.39,30.9,13.038524832271404
2026-10-07,BANKBARODA,NEAR,2026-11-23,236.11,235.0,9.56,14.79,24.35,10.312989708186862
2026-10-07,BANKINDIA,CURRENT,2026-10-27,133.97,135.0,3.7,4.71,8.41,6.277524818989326
2026-10-07,BANKINDIA,FAR,2026-12-29,134.89,135.0,8.81,11.72,20.53,15.21980873304174
2026-10-07,BANKINDIA,NEAR,2026-11-23,134.79,135.0,6.48,6.8,13.28,9.852362934935828
2026-10-07,BANKNIFTY,CURRENT,2026-10-27,55249.6,55200.0,772.7,735.65,1508.35,2.7300650140453504
2026-10-07,BANKNIFTY,FAR,2026-12-29,55858.2,55900.0,1353.2,1362.6,2715.8,4.861954019284545
2026-10-07,BANKNIFTY,NEAR,2026-11-23,55551.2,55600.0,1064.0,1108.8,2172.8,3.911346649577328
2026-10-07,BDL,CURRENT,2026-10-27,1089.2,1080.0,40.25,31.55,71.8,6.591994124127799
2026-10-07,BDL,FAR,2026-12-29,1076.2,1080.0,111.4,90.45,201.85,18.75580747073035
2026-10-07,BDL,NEAR,2026-11-23,1083.0,1080.0,130.0,60.6,190.6,17.59926131117267
2026-10-07,BEL,CURRENT,2026-10-27,378.65,380.0,8.6,10.0,18.6,4.912188036445267
2026-10-07,BEL,FAR,2026-12-29,383.1,380.0,32.1,13.5,45.6,11.902897415818323
2026-10-07,BEL,NEAR,2026-11-23,380.5,380.0,14.5,13.7,28.2,7.411300919842311
2026-10-07,BHARATFORG,CURRENT,2026-10-27,1837.3,1840.0,46.25,47.3,93.55,5.0917106623850215
2026-10-07,BHARATFORG,FAR,2026-12-29,1858.4,1840.0,130.05,83.1,213.15,11.469543693499784
2026-10-07,BHARATFORG,NEAR,2026-11-23,1847.6,1840.0,293.5,80.0,373.5,20.21541459190301
2026-10-07,BHARTIARTL,CURRENT,2026-10-27,1837.2,1840.0,22.4,26.55,48.95,2.664380579142173
2026-10-07,BHARTIARTL,FAR,2026-12-29,1856.0,1840.0,72.1,113.95,186.05,10.024245689655173
2026-10-07,BHARTIARTL,NEAR,2026-11-23,1846.2,1840.0,45.9,42.85,88.75,4.807171487379482
2026-10-07,BHEL,CURRENT,2026-10-27,448.7,450.0,15.25,16.75,32.0,7.1317138399821705
2026-10-07,BHEL,FAR,2026-12-29,453.55,460.0,28.0,62.0,90.0,19.84345717120494
2026-10-07,BHEL,NEAR,2026-11-23,451.0,450.0,23.65,22.7,46.35,10.277161862527716
2026-10-07,BIOCON,CURRENT,2026-10-27,360.35,360.0,9.2,8.95,18.15,5.036769807131955
2026-10-07,BIOCON,FAR,2026-12-29,364.45,360.0,37.1,14.8,51.900000000000006,14.240636575661958
2026-10-07,BIOCON,NEAR,2026-11-23,362.3,360.0,68.45,5.9,74.35000000000001,20.52166712669059
2026-10-07,BLUESTARCO,CURRENT,2026-10-27,1533.0,1540.0,42.95,49.85,92.8,6.053489889106328
2026-10-07,BLUESTARCO,FAR,2026-12-29,1485.0,1480.0,159.15,84.55,243.7,16.41077441077441
2026-10-07,BLUESTARCO,NEAR,2026-11-23,1513.6,1520.0,128.45,110.9,239.35,15.813292811839323
2026-10-07,BOSCHLTD,CURRENT,2026-10-27,44520.0,44500.0,1013.3,969.0,1982.3,4.452605570530099
2026-10-07,BOSCHLTD,FAR,2026-12-29,45020.0,45000.0,3703.7,2344.4,6048.1,13.434251443802756
2026-10-07,BOSCHLTD,NEAR,2026-11-23,44745.0,44500.0,3192.4,1597.2,4789.6,10.70421276120237
2026-10-07,BPCL,CURRENT,2026-10-27,296.8,295.0,8.25,6.3,14.55,4.902291105121294
2026-10-07,BPCL,FAR,2026-12-29,299.0,300.0,22.55,18.8,41.35,13.82943143812709
2026-10-07,BPCL,NEAR,2026-11-23,297.7,300.0,34.85,10.2,45.05,15.132683909976484
2026-10-07,BRITANNIA,CURRENT,2026-10-27,4775.3,4800.0,80.5,104.05,184.55,3.864678658932423
2026-10-07,BRITANNIA,FAR,2026-12-29,4829.0,4800.0,285.85,180.55,466.4,9.658314350797268
2026-10-07,BRITANNIA,NEAR,2026-11-23,4800.4,4800.0,165.0,140.0,305.0,6.35363719690026
2026-10-07,BSE,CURRENT,2026-10-27,3373.6,3350.0,126.2,102.45,228.65,6.777626274602798
2026-10-07,BSE,FAR,2026-12-29,3404.2,3400.0,265.2,415.4,680.5999999999999,19.99294988543564
2026-10-07,BSE,NEAR,2026-11-23,3388.1,3400.0,170.9,182.0,352.9,10.41586730025678
2026-10-07,CAMS,CURRENT,2026-10-27,695.55,700.0,16.25,20.45,36.7,5.276399971245778
2026-10-07,CAMS,FAR,2026-12-29,699.3,700.0,40.2,39.9,80.1,11.454311454311457
2026-10-07,CAMS,NEAR,2026-11-23,695.25,700.0,36.0,30.0,66.0,9.492988133764833
2026-10-07,CANBK,CURRENT,2026-10-27,119.25,119.0,3.44,3.09,6.529999999999999,5.475890985324948
2026-10-07,CANBK,FAR,2026-12-29,120.8,120.0,9.01,7.75,16.759999999999998,13.874172185430462
2026-10-07,CANBK,NEAR,2026-11-23,119.82,120.0,4.71,4.8,9.51,7.936905358037055
2026-10-07,CDSL,CURRENT,2026-10-27,1281.6,1280.0,35.4,34.0,69.4,5.415106117353309
2026-10-07,CDSL,FAR,2026-12-29,1295.0,1280.0,102.65,101.95,204.6,15.7992277992278
2026-10-07,CDSL,NEAR,2026-11-23,1285.8,1280.0,188.15,54.3,242.45,18.85596515787836
2026-10-07,CGPOWER,CURRENT,2026-10-27,894.7,890.0,29.35,24.9,54.25,6.063484967028054
2026-10-07,CGPOWER,FAR,2026-12-29,905.4,900.0,59.65,88.4,148.05,16.35188866799205
2026-10-07,CGPOWER,NEAR,2026-11-23,899.35,900.0,38.5,75.65,114.15,12.69250013898927
2026-10-07,CHOLAFIN,CURRENT,2026-10-27,1570.5,1580.0,39.35,53.15,92.5,5.88984399872652
2026-10-07,CHOLAFIN,FAR,2026-12-29,1593.0,1600.0,153.15,102.4,255.55,16.042059008160702
2026-10-07,CHOLAFIN,NEAR,2026-11-23,1578.6,1580.0,131.55,56.0,187.55,11.880780438363107
2026-10-07,CIPLA,CURRENT,2026-10-27,1337.4,1340.0,27.2,30.35,57.55,4.30312546732466
2026-10-07,CIPLA,FAR,2026-12-29,1362.0,1360.0,89.75,50.55,140.3,10.301027900146844
2026-10-07,CIPLA,NEAR,2026-11-23,1341.2,1340.0,133.05,31.1,164.15,12.239039665970774
2026-10-07,COALINDIA,CURRENT,2026-10-27,414.9,415.0,8.25,8.55,16.8,4.0491684743311644
2026-10-07,COALINDIA,FAR,2026-12-29,419.05,420.0,29.45,18.25,47.7,11.382889869943922
2026-10-07,COALINDIA,NEAR,2026-11-23,416.85,415.0,25.85,12.15,38.0,9.115988964855465
2026-10-07,COCHINSHIP,CURRENT,2026-10-27,1256.0,1260.0,33.25,36.25,69.5,5.53343949044586
2026-10-07,COCHINSHIP,FAR,2026-12-29,1252.2,1240.0,209.15,62.25,271.4,21.6738540169302
2026-10-07,COCHINSHIP,NEAR,2026-11-23,1252.7,1260.0,63.25,55.65,118.9,9.491498363534763
2026-10-07,COFORGE,CURRENT,2026-10-27,1832.0,1840.0,66.2,74.8,141.0,7.69650655021834
2026-10-07,COFORGE,FAR,2026-12-29,1845.0,1840.0,121.05,212.1,333.15,18.05691056910569
2026-10-07,COFORGE,NEAR,2026-11-23,1838.4,1840.0,214.8,134.7,349.5,19.011096605744125
2026-10-07,COLPAL,CURRENT,2026-10-27,1770.6,1780.0,40.45,48.6,89.05000000000001,5.029368575624083
2026-10-07,COLPAL,FAR,2026-12-29,1765.5,1760.0,131.85,80.95,212.8,12.053242707448316
2026-10-07,COLPAL,NEAR,2026-11-23,1757.1,1760.0,53.95,63.0,116.95,6.655853394798247
2026-10-07,CONCOR,CURRENT,2026-10-27,443.3,445.0,11.45,13.05,24.5,5.526731333182946
2026-10-07,CONCOR,FAR,2026-12-29,445.65,450.0,30.75,30.65,61.4,13.777628183552116
2026-10-07,CONCOR,NEAR,2026-11-23,442.95,445.0,25.05,22.6,47.650000000000006,10.757421830906424
2026-10-07,CROMPTON,CURRENT,2026-10-27,211.99,212.5,6.19,6.88,13.07,6.165385159677343
2026-10-07,CROMPTON,FAR,2026-12-29,214.0,215.0,14.73,15.21,29.94,13.990654205607475
2026-10-07,CROMPTON,NEAR,2026-11-23,212.42,212.5,11.99,11.23,23.22,10.931174089068826
2026-10-07,CUMMINSIND,CURRENT,2026-10-27,4874.0,4850.0,127.0,100.0,227.0,4.657365613459171
2026-10-07,CUMMINSIND,FAR,2026-12-29,4920.9,4900.0,318.65,346.85,665.5,13.523948871141458
2026-10-07,CUMMINSIND,NEAR,2026-11-23,4896.6,4900.0,232.15,288.65,520.8,10.635951476534736
2026-10-07,DABUR,CURRENT,2026-10-27,384.0,385.0,7.05,7.95,15.0,3.90625
2026-10-07,DABUR,FAR,2026-12-29,386.0,390.0,18.65,22.55,41.2,10.67357512953368
2026-10-07,DABUR,NEAR,2026-11-23,383.1,385.0,15.35,13.9,29.25,7.635082223962411
2026-10-07,DELHIVERY,CURRENT,2026-10-27,400.95,400.0,11.65,10.85,22.5,5.611672278338945
2026-10-07,DELHIVERY,FAR,2026-12-29,405.0,400.0,43.5,20.25,63.75,15.74074074074074
2026-10-07,DELHIVERY,NEAR,2026-11-23,402.5,400.0,65.55,11.65,77.2,19.180124223602483
2026-10-07,DIVISLAB,CURRENT,2026-10-27,9625.5,9600.0,237.6,209.0,446.6,4.639758973559816
2026-10-07,DIVISLAB,FAR,2026-12-29,9735.0,9800.0,426.5,689.75,1116.25,11.466358500256806
2026-10-07,DIVISLAB,NEAR,2026-11-23,9660.0,9700.0,345.0,539.7,884.7,9.158385093167702
2026-10-07,DIXON,CURRENT,2026-10-27,12952.0,13000.0,380.3,430.25,810.55,6.258106856084002
2026-10-07,DIXON,FAR,2026-12-29,12692.0,12500.0,1688.65,630.0,2318.65,18.268594390167035
2026-10-07,DIXON,NEAR,2026-11-23,12795.0,12750.0,1255.55,642.35,1897.9,14.833137944509575
2026-10-07,DLF,CURRENT,2026-10-27,655.75,660.0,16.05,20.05,36.1,5.505146778497903
2026-10-07,DLF,FAR,2026-12-29,659.3,660.0,49.7,47.0,96.7,14.667071136053393
2026-10-07,DLF,NEAR,2026-11-23,656.85,660.0,27.0,35.15,62.15,9.461825378701375
2026-10-07,DMART,CURRENT,2026-10-27,3630.0,3650.0,90.75,110.8,201.55,5.552341597796144
2026-10-07,DMART,FAR,2026-12-29,3626.6,3600.0,337.15,134.4,471.55,13.00253681133844
2026-10-07,DMART,NEAR,2026-11-23,3629.3,3650.0,192.45,115.45,307.9,8.48372964483509
2026-10-07,DRREDDY,CURRENT,2026-10-27,1199.4,1200.0,29.05,30.15,59.2,4.935801233950309
2026-10-07,DRREDDY,FAR,2026-12-29,1198.9,1200.0,107.25,48.0,155.25,12.94937025606806
2026-10-07,DRREDDY,NEAR,2026-11-23,1197.6,1200.0,36.0,43.05,79.05,6.600701402805612
2026-10-07,EICHERMOT,CURRENT,2026-10-27,6984.5,7000.0,128.9,146.55,275.45000000000005,3.943732550647864
2026-10-07,EICHERMOT,FAR,2026-12-29,7075.5,7000.0,585.05,303.5,888.55,12.558123100840929
2026-10-07,EICHERMOT,NEAR,2026-11-23,7025.5,7000.0,255.0,197.0,452.0,6.433705786065048
2026-10-07,ENRIN,CURRENT,2026-10-27,3360.2,3350.0,126.15,111.5,237.65,7.072495684780668
2026-10-07,ENRIN,FAR,2026-12-29,3379.8,3400.0,201.6,352.8,554.4,16.40333747559027
2026-10-07,ENRIN,NEAR,2026-11-23,3372.3,3350.0,154.45,275.7,430.15,12.755389496782607
2026-10-07,ETERNAL,CURRENT,2026-10-27,328.6,330.0,9.2,10.7,19.9,6.055995130858186
2026-10-07,ETERNAL,FAR,2026-12-29,331.45,330.0,27.9,16.0,43.9,13.24483330819128
2026-10-07,ETERNAL,NEAR,2026-11-23,329.8,330.0,15.5,14.4,29.9,9.066100667070952
2026-10-07,FEDERALBNK,CURRENT,2026-10-27,323.9,325.0,8.3,9.6,17.9,5.526397036122259
2026-10-07,FEDERALBNK,FAR,2026-12-29,328.1,330.0,15.0,22.0,37.0,11.277049679975615
2026-10-07,FEDERALBNK,NEAR,2026-11-23,325.85,325.0,14.1,16.05,30.15,9.252723645849317
2026-10-07,FORCEMOT,CURRENT,2026-10-27,16970.0,17000.0,499.75,508.4,1008.15,5.940777843252799
2026-10-07,FORCEMOT,FAR,2026-12-29,16962.0,17000.0,1982.25,1828.15,3810.4,22.464332036316478
2026-10-07,FORCEMOT,NEAR,2026-11-23,16959.0,17000.0,850.0,900.0,1750.0,10.319004658293531
2026-10-07,FORTIS,CURRENT,2026-10-27,780.55,780.0,21.6,21.2,42.8,5.483313048491448
2026-10-07,FORTIS,FAR,2026-12-29,785.8,780.0,81.9,28.5,110.4,14.049376431662004
2026-10-07,FORTIS,NEAR,2026-11-23,783.25,780.0,24.95,8.75,33.7,4.302585381423556
2026-10-07,GAIL,CURRENT,2026-10-27,170.83,170.0,4.04,3.31,7.35,4.302522976058069
2026-10-07,GAIL,FAR,2026-12-29,171.96,170.0,12.06,9.53,21.59,12.55524540590835
2026-10-07,GAIL,NEAR,2026-11-23,171.83,172.5,7.99,8.92,16.91,9.841122039224814
2026-10-07,GLENMARK,CURRENT,2026-10-27,2300.2,2300.0,56.85,54.9,111.75,4.858273193635337
2026-10-07,GLENMARK,FAR,2026-12-29,2322.0,2320.0,252.75,97.3,350.05,15.075366063738157
2026-10-07,GLENMARK,NEAR,2026-11-23,2306.3,2300.0,223.95,90.0,313.95,13.612713003512116
2026-10-07,GMRAIRPORT,CURRENT,2026-10-27,91.34,91.0,2.74,2.35,5.09,5.572585942631925
2026-10-07,GMRAIRPORT,FAR,2026-12-29,92.5,92.0,8.59,5.49,14.08,15.221621621621622
2026-10-07,GMRAIRPORT,NEAR,2026-11-23,91.81,92.0,12.56,3.35,15.91,17.329266964382963
2026-10-07,GODFRYPHLP,CURRENT,2026-10-27,1871.0,1880.0,60.95,127.6,188.55,10.077498663816142
2026-10-07,GODFRYPHLP,FAR,2026-12-29,1852.4,1840.0,242.7,193.7,436.4,23.55862664651263
2026-10-07,GODFRYPHLP,NEAR,2026-11-23,1864.0,1860.0,180.05,161.5,341.55,18.323497854077253
2026-10-07,GODREJCP,CURRENT,2026-10-27,867.65,870.0,16.95,19.55,36.5,4.206765400795252
2026-10-07,GODREJCP,FAR,2026-12-29,870.1,880.0,49.9,62.05,111.95,12.866337202620388
2026-10-07,GODREJCP,NEAR,2026-11-23,864.55,860.0,36.9,30.4,67.3,7.784396506853277
2026-10-07,GODREJPROP,CURRENT,2026-10-27,1579.8,1580.0,56.25,55.35,111.6,7.064185339916445
2026-10-07,GODREJPROP,FAR,2026-12-29,1600.0,1600.0,122.0,112.45,234.45,14.653125
2026-10-07,GODREJPROP,NEAR,2026-11-23,1589.0,1580.0,145.8,77.4,223.2,14.046570169918189
2026-10-07,GRASIM,CURRENT,2026-10-27,2919.8,2920.0,55.65,56.45,112.1,3.839304061922049
2026-10-07,GRASIM,FAR,2026-12-29,2947.0,2960.0,272.3,88.95,361.25,12.258228707159825
2026-10-07,GRASIM,NEAR,2026-11-23,2938.0,2940.0,242.0,55.9,297.9,10.139550714771952
2026-10-07,GVT&D,CURRENT,2026-10-27,4308.9,4300.0,129.25,121.65,250.9,5.822831813223793
2026-10-07,GVT&D,FAR,2026-12-29,4375.0,4400.0,357.05,319.3,676.35,15.459428571428573
2026-10-07,GVT&D,NEAR,2026-11-23,4330.2,4300.0,236.9,418.7,655.6,15.140178282758304
2026-10-07,HAL,CURRENT,2026-10-27,4751.6,4750.0,109.2,107.75,216.95,4.565830457109184
2026-10-07,HAL,FAR,2026-12-29,4805.3,4800.0,249.0,425.95,674.95,14.045949264353943
2026-10-07,HAL,NEAR,2026-11-23,4777.1,4800.0,167.15,180.0,347.15,7.266961127043602
2026-10-07,HAVELLS,CURRENT,2026-10-27,1064.0,1060.0,30.05,26.45,56.5,5.31015037593985
2026-10-07,HAVELLS,FAR,2026-12-29,1065.0,1060.0,60.85,62.0,122.85,11.535211267605632
2026-10-07,HAVELLS,NEAR,2026-11-23,1063.5,1060.0,44.35,51.65,96.0,9.026798307475318
2026-10-07,HCLTECH,CURRENT,2026-10-27,1172.1,1170.0,40.7,39.15,79.85,6.812558655404829
2026-10-07,HCLTECH,FAR,2026-12-29,1180.8,1200.0,103.9,69.0,172.9,14.642615176151764
2026-10-07,HCLTECH,NEAR,2026-11-23,1177.6,1180.0,52.9,52.0,104.9,8.907948369565219
2026-10-07,HDFCAMC,CURRENT,2026-10-27,2319.4,2320.0,65.95,143.85,209.8,9.045442786927657
2026-10-07,HDFCAMC,FAR,2026-12-29,2345.0,2360.0,124.65,119.8,244.45,10.424307036247331
2026-10-07,HDFCAMC,NEAR,2026-11-23,2326.5,2320.0,97.6,173.65,271.25,11.659144637868042
2026-10-07,HDFCBANK,CURRENT,2026-10-27,707.45,710.0,13.85,16.55,30.4,4.297123471623436
2026-10-07,HDFCBANK,FAR,2026-12-29,715.05,720.0,29.0,35.5,64.5,9.020348227396688
2026-10-07,HDFCBANK,NEAR,2026-11-23,710.6,710.0,25.05,23.65,48.7,6.853363354911343
2026-10-07,HDFCLIFE,CURRENT,2026-10-27,546.7,545.0,14.95,13.5,28.45,5.203950978598866
2026-10-07,HDFCLIFE,FAR,2026-12-29,554.35,550.0,23.2,41.6,64.8,11.6893659240552
2026-10-07,HDFCLIFE,NEAR,2026-11-23,550.15,550.0,19.65,22.55,42.2,7.670635281286922
2026-10-07,HEROMOTOCO,CURRENT,2026-10-27,5011.5,5000.0,124.0,110.75,234.75,4.684226279557019
2026-10-07,HEROMOTOCO,FAR,2026-12-29,5058.5,5100.0,422.1,239.4,661.5,13.076999110408224
2026-10-07,HEROMOTOCO,NEAR,2026-11-23,5032.5,5050.0,364.75,161.9,526.65,10.464977645305511
2026-10-07,HINDALCO,CURRENT,2026-10-27,915.2,920.0,20.9,25.5,46.4,5.06993006993007
2026-10-07,HINDALCO,FAR,2026-12-29,925.7,920.0,90.0,42.8,132.8,14.345900399697523
2026-10-07,HINDALCO,NEAR,2026-11-23,920.15,920.0,163.6,35.5,199.1,21.63777644949193
2026-10-07,HINDPETRO,CURRENT,2026-10-27,345.0,345.0,9.55,9.6,19.15,5.550724637681159
2026-10-07,HINDPETRO,FAR,2026-12-29,347.2,350.0,30.45,26.15,56.6,16.30184331797235
2026-10-07,HINDPETRO,NEAR,2026-11-23,345.95,345.0,25.7,18.45,44.15,12.76195982078335
2026-10-07,HINDUNILVR,CURRENT,2026-10-27,1866.1,1860.0,41.7,35.5,77.2,4.1369701516531805
2026-10-07,HINDUNILVR,FAR,2026-12-29,1870.3,1880.0,59.9,89.5,149.4,7.988023311768167
2026-10-07,HINDUNILVR,NEAR,2026-11-23,1857.0,1860.0,61.75,46.05,107.8,5.805061927840603
2026-10-07,HINDZINC,CURRENT,2026-10-27,552.75,550.0,18.45,15.55,34.0,6.1510628674807775
2026-10-07,HINDZINC,FAR,2026-12-29,558.3,560.0,57.35,45.85,103.2,18.4846856528748
2026-10-07,HINDZINC,NEAR,2026-11-23,555.45,560.0,24.0,24.0,48.0,8.641641911963273
2026-10-07,HYUNDAI,CURRENT,2026-10-27,1935.6,1940.0,49.3,52.0,101.3,5.233519322174003
2026-10-07,HYUNDAI,FAR,2026-12-29,1912.2,1920.0,261.35,53.2,314.55,16.44963915908378
2026-10-07,HYUNDAI,NEAR,2026-11-23,1920.8,1920.0,369.25,28.2,397.45,20.691899208663056
2026-10-07,ICICIBANK,CURRENT,2026-10-27,1358.1,1360.0,24.7,27.05,51.75,3.810470510271703
2026-10-07,ICICIBANK,FAR,2026-12-29,1373.0,1380.0,31.95,99.55,131.5,9.577567370721049
2026-10-07,ICICIBANK,NEAR,2026-11-23,1365.0,1360.0,37.85,53.2,91.05,6.670329670329671
2026-10-07,ICICIGI,CURRENT,2026-10-27,1595.8,1600.0,41.45,45.35,86.80000000000001,5.439278105025693
2026-10-07,ICICIGI,FAR,2026-12-29,1600.0,1600.0,67.8,129.4,197.2,12.325
2026-10-07,ICICIGI,NEAR,2026-11-23,1606.3,1600.0,54.4,92.0,146.4,9.114113179356286
2026-10-07,ICICIPRULI,CURRENT,2026-10-27,454.6,455.0,14.05,14.05,28.1,6.181258249010119
2026-10-07,ICICIPRULI,FAR,2026-12-29,452.1,450.0,29.35,28.2,57.55,12.729484627294848
2026-10-07,ICICIPRULI,NEAR,2026-11-23,452.9,455.0,19.5,25.9,45.4,10.02428792227865
2026-10-07,IDEA,CURRENT,2026-10-27,13.19,13.0,0.63,0.4,1.03,7.808946171341927
2026-10-07,IDEA,FAR,2026-12-29,13.37,14.0,0.85,1.66,2.51,18.773373223635005
2026-10-07,IDEA,NEAR,2026-11-23,13.27,13.0,0.96,0.64,1.6,12.057272042200454
2026-10-07,IDFCFIRSTB,CURRENT,2026-10-27,79.53,80.0,2.17,2.58,4.75,5.972588960140827
2026-10-07,IDFCFIRSTB,FAR,2026-12-29,80.45,80.0,6.07,5.43,11.5,14.294592914853943
2026-10-07,IDFCFIRSTB,NEAR,2026-11-23,79.95,80.0,3.27,3.4,6.67,8.342714196372732
2026-10-07,IEX,CURRENT,2026-10-27,106.1,106.0,3.41,3.29,6.7,6.314797360980208
2026-10-07,IEX,NEAR,2026-11-23,106.7,107.0,7.45,7.11,14.56,13.645735707591378
2026-10-07,INDHOTEL,CURRENT,2026-10-27,735.1,740.0,13.7,18.65,32.349999999999994,4.400761801115493
2026-10-07,INDHOTEL,FAR,2026-12-29,741.6,740.0,38.65,53.45,92.1,12.419093851132684
2026-10-07,INDHOTEL,NEAR,2026-11-23,738.7,740.0,46.85,23.0,69.85,9.455800731013944
2026-10-07,INDIANB,CURRENT,2026-10-27,829.3,830.0,25.05,25.6,50.650000000000006,6.107560593271435
2026-10-07,INDIANB,FAR,2026-12-29,838.0,840.0,46.6,79.05,125.65,14.994033412887829
2026-10-07,INDIANB,NEAR,2026-11-23,829.75,830.0,35.2,62.6,97.8,11.786682735763783
2026-10-07,INDIGO,CURRENT,2026-10-27,4984.1,5000.0,116.6,133.2,249.8,5.011937962721453
2026-10-07,INDIGO,FAR,2026-12-29,5029.6,5000.0,274.5,401.6,676.1,13.442420868458724
2026-10-07,INDIGO,NEAR,2026-11-23,5000.8,5000.0,199.85,191.9,391.75,7.833746600543913
2026-10-07,INDUSINDBK,CURRENT,2026-10-27,877.05,880.0,23.3,25.75,49.05,5.592611595690097
2026-10-07,INDUSINDBK,FAR,2026-12-29,886.75,880.0,74.1,63.2,137.3,15.48350718917395
2026-10-07,INDUSINDBK,NEAR,2026-11-23,881.15,880.0,171.05,33.45,204.5,23.208307325653976
2026-10-07,INDUSTOWER,CURRENT,2026-10-27,385.85,385.0,9.1,8.65,17.75,4.600233251263444
2026-10-07,INDUSTOWER,FAR,2026-12-29,391.05,390.0,18.25,35.0,53.25,13.617184503260452
2026-10-07,INDUSTOWER,NEAR,2026-11-23,386.95,385.0,15.0,27.75,42.75,11.047939010208037
2026-10-07,INFY,CURRENT,2026-10-27,997.4,1000.0,33.25,36.05,69.3,6.948064968919191
2026-10-07,INFY,FAR,2026-12-29,1007.05,1000.0,65.0,58.5,123.5,12.263542028697682
2026-10-07,INFY,NEAR,2026-11-23,1001.85,1000.0,50.2,48.05,98.25,9.806857313969155
2026-10-07,INOXWIND,CURRENT,2026-10-27,67.24,67.0,6.74,1.94,8.68,12.90898274836407
2026-10-07,INOXWIND,FAR,2026-12-29,67.99,68.0,9.47,4.97,14.44,21.23841741432564
2026-10-07,INOXWIND,NEAR,2026-11-23,67.44,67.0,8.34,3.25,11.59,17.185646500593123
2026-10-07,IOC,CURRENT,2026-10-27,130.77,131.0,2.93,3.13,6.0600000000000005,4.634090387703601
2026-10-07,IOC,FAR,2026-12-29,132.13,132.0,8.86,7.6,16.46,12.45742829032014
2026-10-07,IOC,NEAR,2026-11-23,131.37,131.0,7.16,5.67,12.83,9.766308898530866
2026-10-07,IREDA,CURRENT,2026-10-27,107.01,107.0,7.55,3.2,10.75,10.045790113073544
2026-10-07,IREDA,NEAR,2026-11-23,104.53,105.0,4.5,5.55,10.05,9.614464746962597
2026-10-07,IRFC,CURRENT,2026-10-27,75.93,76.0,2.12,2.24,4.36,5.742130910048729
2026-10-07,IRFC,FAR,2026-12-29,74.31,74.0,10.11,2.77,12.88,17.33279504777284
2026-10-07,IRFC,NEAR,2026-11-23,75.18,75.0,3.41,3.26,6.67,8.872040436286245
2026-10-07,ITC,CURRENT,2026-10-27,265.65,265.0,5.2,4.55,9.75,3.670242800677584
2026-10-07,ITC,FAR,2026-12-29,268.85,270.0,8.7,13.05,21.75,8.090013018411753
2026-10-07,ITC,NEAR,2026-11-23,267.05,267.5,8.0,9.8,17.8,6.665418460962366
2026-10-07,JINDALSTEL,CURRENT,2026-10-27,1063.9,1060.0,30.3,27.6,57.900000000000006,5.442240812106401
2026-10-07,JINDALSTEL,FAR,2026-12-29,1073.0,1080.0,111.85,46.05,157.89999999999998,14.71575023299161
2026-10-07,JINDALSTEL,NEAR,2026-11-23,1067.2,1060.0,105.7,26.3,132.0,12.368815592203898
2026-10-07,JIOFIN,CURRENT,2026-10-27,216.53,217.5,5.6,6.5,12.1,5.588140211518034
2026-10-07,JIOFIN,FAR,2026-12-29,218.8,220.0,11.0,10.84,21.84,9.981718464351005
2026-10-07,JIOFIN,NEAR,2026-11-23,217.59,217.5,9.97,7.69,17.66,8.11618180982582
2026-10-07,JSWENERGY,CURRENT,2026-10-27,486.4,490.0,12.45,15.8,28.25,5.807976973684211
2026-10-07,JSWENERGY,FAR,2026-12-29,491.65,500.0,43.25,34.75,78.0,15.864944574392354
2026-10-07,JSWENERGY,NEAR,2026-11-23,488.4,490.0,38.4,22.9,61.3,12.551187551187551
2026-10-07,JSWSTEEL,CURRENT,2026-10-27,1233.1,1230.0,30.75,27.35,58.1,4.711702213932366
2026-10-07,JSWSTEEL,FAR,2026-12-29,1246.7,1240.0,99.25,48.7,147.95,11.867329750541428
2026-10-07,JSWSTEEL,NEAR,2026-11-23,1240.4,1240.0,41.6,27.85,69.45,5.59900032247662
2026-10-07,JUBLFOOD,CURRENT,2026-10-27,463.25,465.0,15.05,16.4,31.45,6.7889908256880735
2026-10-07,JUBLFOOD,FAR,2026-12-29,457.9,460.0,40.4,30.65,71.05,15.516488316226251
2026-10-07,JUBLFOOD,NEAR,2026-11-23,460.1,460.0,76.3,26.0,102.3,22.23429689198
2026-10-07,KALYANKJIL,CURRENT,2026-10-27,571.8,570.0,21.8,19.6,41.400000000000006,7.240293809024136
2026-10-07,KALYANKJIL,FAR,2026-12-29,576.4,580.0,47.2,65.5,112.7,19.55239417071478
2026-10-07,KALYANKJIL,NEAR,2026-11-23,574.7,570.0,37.15,32.35,69.5,12.09326605185314
2026-10-07,KAYNES,CURRENT,2026-10-27,3325.0,3300.0,147.5,121.65,269.15,8.094736842105263
2026-10-07,KAYNES,FAR,2026-12-29,3237.9,3200.0,619.85,261.45,881.3,27.21825874795392
2026-10-07,KAYNES,NEAR,2026-11-23,3271.1,3250.0,493.1,202.7,695.8,21.271132035095228
2026-10-07,KEI,CURRENT,2026-10-27,4702.9,4700.0,141.95,139.9,281.85,5.993110633864212
2026-10-07,KEI,FAR,2026-12-29,4660.0,4600.0,374.8,446.45,821.25,17.623390557939913
2026-10-07,KEI,NEAR,2026-11-23,4702.7,4700.0,160.0,431.3,591.3,12.573627915878111
2026-10-07,KFINTECH,CURRENT,2026-10-27,857.35,860.0,25.25,29.0,54.25,6.327637487607161
2026-10-07,KFINTECH,FAR,2026-12-29,842.0,840.0,79.35,68.85,148.2,17.600950118764843
2026-10-07,KFINTECH,NEAR,2026-11-23,844.3,840.0,45.0,30.0,75.0,8.883098424730546
2026-10-07,KOTAKBANK,CURRENT,2026-10-27,440.7,440.0,9.05,8.8,17.85,4.050374404356705
2026-10-07,KOTAKBANK,FAR,2026-12-29,445.45,450.0,7.75,45.8,53.55,12.02155124031878
2026-10-07,KOTAKBANK,NEAR,2026-11-23,443.1,445.0,5.1,40.15,45.25,10.212141728729405
2026-10-07,KPITTECH,CURRENT,2026-10-27,487.2,490.0,15.9,18.55,34.45,7.071018062397373
2026-10-07,KPITTECH,FAR,2026-12-29,491.45,500.0,63.5,36.5,100.0,20.34794994404314
2026-10-07,KPITTECH,NEAR,2026-11-23,488.8,490.0,57.15,23.1,80.25,16.417757774140753
2026-10-07,LAURUSLABS,CURRENT,2026-10-27,2059.0,2060.0,61.05,62.8,123.85,6.015055852355513
2026-10-07,LAURUSLABS,FAR,2026-12-29,2077.6,2080.0,100.0,184.9,284.9,13.712938005390834
2026-10-07,LAURUSLABS,NEAR,2026-11-23,2068.8,2060.0,102.4,148.15,250.55,12.110885537509668
2026-10-07,LICHSGFIN,CURRENT,2026-10-27,518.85,520.0,12.6,13.45,26.05,5.020718897561915
2026-10-07,LICHSGFIN,FAR,2026-12-29,524.2,520.0,55.6,19.5,75.1,14.326592903471957
2026-10-07,LICHSGFIN,NEAR,2026-11-23,520.9,520.0,17.0,30.0,47.0,9.022845075830292
2026-10-07,LICI,CURRENT,2026-10-27,386.35,385.0,8.5,7.5,16.0,4.141322634916526
2026-10-07,LICI,FAR,2026-12-29,390.65,390.0,27.75,22.05,49.8,12.747984129015745
2026-10-07,LICI,NEAR,2026-11-23,388.6,390.0,12.2,10.95,23.15,5.957282552753473
2026-10-07,LODHA,CURRENT,2026-10-27,1109.0,1100.0,43.55,34.15,77.69999999999999,7.006311992786293
2026-10-07,LODHA,FAR,2026-12-29,1102.3,1120.0,106.3,103.3,209.6,19.014787262995554
2026-10-07,LODHA,NEAR,2026-11-23,1105.3,1100.0,89.5,73.1,162.6,14.710938206821677
2026-10-07,LT,CURRENT,2026-10-27,3710.3,3700.0,78.75,68.25,147.0,3.961943778131148
2026-10-07,LT,FAR,2026-12-29,3752.5,3800.0,224.15,219.4,443.55,11.8201199200533
2026-10-07,LT,NEAR,2026-11-23,3728.2,3750.0,145.0,130.0,275.0,7.376213722439784
2026-10-07,LTF,CURRENT,2026-10-27,259.35,260.0,8.9,9.4,18.3,7.056101792943897
2026-10-07,LTF,FAR,2026-12-29,258.35,260.0,30.5,15.6,46.1,17.844010063866847
2026-10-07,LTF,NEAR,2026-11-23,258.65,260.0,12.7,12.0,24.7,9.549584380436883
2026-10-07,LTM,CURRENT,2026-10-27,3892.8,3900.0,137.3,146.2,283.5,7.282675709001232
2026-10-07,LTM,FAR,2026-12-29,3806.3,3800.0,403.2,187.75,590.95,15.52557601870583
2026-10-07,LTM,NEAR,2026-11-23,3831.0,3800.0,854.4,150.0,1004.4,26.217697729052464
2026-10-07,LUPIN,CURRENT,2026-10-27,2011.2,2020.0,36.7,45.55,82.25,4.089598249801114
2026-10-07,LUPIN,FAR,2026-12-29,2034.4,2040.0,129.75,87.75,217.5,10.691112858828156
2026-10-07,LUPIN,NEAR,2026-11-23,2022.9,2020.0,89.6,60.75,150.35,7.432399031093974
2026-10-07,M&M,CURRENT,2026-10-27,2818.0,2800.0,71.0,55.75,126.75,4.497870830376153
2026-10-07,M&M,FAR,2026-12-29,2849.1,2800.0,200.0,108.55,308.55,10.829735706012428
2026-10-07,M&M,NEAR,2026-11-23,2829.5,2850.0,110.0,96.0,206.0,7.280438239971726
2026-10-07,MAHABANK,CURRENT,2026-10-27,84.08,84.0,2.97,2.91,5.880000000000001,6.993339676498573
2026-10-07,MAHABANK,FAR,2026-12-29,85.14,86.0,4.6,10.18,14.78,17.359642941038288
2026-10-07,MAHABANK,NEAR,2026-11-23,84.29,84.0,6.43,7.49,13.92,16.514414521295524
2026-10-07,MANAPPURAM,CURRENT,2026-10-27,310.45,310.0,9.25,9.0,18.25,5.878563375744887
2026-10-07,MANAPPURAM,FAR,2026-12-29,312.95,310.0,32.1,21.15,53.25,17.015497683335997
2026-10-07,MANAPPURAM,NEAR,2026-11-23,311.4,310.0,69.25,7.2,76.45,24.55041746949261
2026-10-07,MANKIND,CURRENT,2026-10-27,2497.2,2500.0,59.75,61.25,121.0,4.845426878103476
2026-10-07,MANKIND,FAR,2026-12-29,2515.0,2520.0,199.65,137.7,337.35,13.41351888667992
2026-10-07,MANKIND,NEAR,2026-11-23,2489.0,2480.0,118.9,197.05,315.95000000000005,12.69385295299317
2026-10-07,MARICO,CURRENT,2026-10-27,788.1,790.0,14.15,15.95,30.1,3.819312270016496
2026-10-07,MARICO,FAR,2026-12-29,805.0,800.0,37.05,38.15,75.19999999999999,9.341614906832296
2026-10-07,MARICO,NEAR,2026-11-23,790.15,790.0,31.3,27.1,58.400000000000006,7.391001708536354
2026-10-07,MARUTI,CURRENT,2026-10-27,11475.0,11500.0,229.5,255.05,484.55,4.222657952069716
2026-10-07,MARUTI,FAR,2026-12-29,11605.0,11600.0,892.3,445.35,1337.65,11.526497199482982
2026-10-07,MARUTI,NEAR,2026-11-23,11529.0,11500.0,420.85,373.15,794.0,6.886980657472461
2026-10-07,MAXHEALTH,CURRENT,2026-10-27,909.8,910.0,25.7,25.75,51.45,5.655089030556167
2026-10-07,MAXHEALTH,FAR,2026-12-29,917.0,920.0,109.7,34.1,143.8,15.68157033805889
2026-10-07,MAXHEALTH,NEAR,2026-11-23,912.45,910.0,39.7,20.25,59.95,6.570223025919228
2026-10-07,MAZDOCK,CURRENT,2026-10-27,2061.2,2060.0,67.0,64.85,131.85,6.3967591694158745
2026-10-07,MAZDOCK,FAR,2026-12-29,2056.4,2040.0,232.5,155.5,388.0,18.867924528301884
2026-10-07,MAZDOCK,NEAR,2026-11-23,2056.3,2060.0,174.0,83.55,257.55,12.524923406117782
2026-10-07,MCX,CURRENT,2026-10-27,3365.8,3350.0,122.9,108.35,231.25,6.870580545486956
2026-10-07,MCX,FAR,2026-12-29,3391.8,3400.0,252.8,371.0,623.8,18.39141458812429
2026-10-07,MCX,NEAR,2026-11-23,3376.5,3400.0,162.0,227.0,389.0,11.520805567895753
2026-10-07,MFSL,CURRENT,2026-10-27,1352.9,1360.0,34.4,41.4,75.8,5.602779215019587
2026-10-07,MFSL,FAR,2026-12-29,1372.0,1360.0,125.7,73.4,199.1,14.511661807580175
2026-10-07,MFSL,NEAR,2026-11-23,1357.1,1360.0,268.95,45.0,313.95,23.13388843858227
2026-10-07,MOTHERSON,CURRENT,2026-10-27,159.36,160.0,3.88,4.65,8.530000000000001,5.352660642570281
2026-10-07,MOTHERSON,FAR,2026-12-29,160.6,160.0,10.2,12.42,22.62,14.084682440846825
2026-10-07,MOTHERSON,NEAR,2026-11-23,160.12,160.0,6.72,6.1,12.82,8.00649512865351
2026-10-07,MOTILALOFS,CURRENT,2026-10-27,1073.85,1080.0,32.9,39.0,71.9,6.695534758113332
2026-10-07,MOTILALOFS,FAR,2026-12-29,1084.9,1080.0,70.55,138.5,209.05,19.269057055949855
2026-10-07,MOTILALOFS,NEAR,2026-11-23,1075.6,1080.0,65.8,54.05,119.85,11.142618073633322
2026-10-07,MPHASIS,CURRENT,2026-10-27,2286.9,2300.0,65.25,78.8,144.05,6.298919935283571
2026-10-07,MPHASIS,FAR,2026-12-29,2338.0,2300.0,110.95,222.85,333.8,14.27715996578272
2026-10-07,MPHASIS,NEAR,2026-11-23,2308.0,2300.0,115.0,101.65,216.65,9.386915077989602
2026-10-07,MUTHOOTFIN,CURRENT,2026-10-27,2656.0,2650.0,81.2,73.95,155.15,5.8414909638554215
2026-10-07,MUTHOOTFIN,FAR,2026-12-29,2691.0,2700.0,269.35,193.0,462.35,17.181345224823485
2026-10-07,MUTHOOTFIN,NEAR,2026-11-23,2669.4,2650.0,237.8,127.45,365.25,13.682850078669365
2026-10-07,NAM-INDIA,CURRENT,2026-10-27,1054.9,1060.0,28.55,33.95,62.5,5.924732202104464
2026-10-07,NAM-INDIA,FAR,2026-12-29,1040.0,1040.0,119.15,75.9,195.05,18.754807692307693
2026-10-07,NAM-INDIA,NEAR,2026-11-23,1050.8,1060.0,84.65,67.25,151.9,14.455652835934526
2026-10-07,NATIONALUM,CURRENT,2026-10-27,322.3,320.0,12.9,10.45,23.35,7.244802978591375
2026-10-07,NATIONALUM,FAR,2026-12-29,323.05,320.0,50.95,19.6,70.55000000000001,21.838724655626063
2026-10-07,NATIONALUM,NEAR,2026-11-23,322.2,320.0,21.0,17.05,38.05,11.80943513345748
2026-10-07,NAUKRI,CURRENT,2026-10-27,1223.7,1220.0,40.85,37.15,78.0,6.374111301789655
2026-10-07,NAUKRI,FAR,2026-12-29,1251.0,1240.0,106.6,83.45,190.05,15.191846522781775
2026-10-07,NAUKRI,NEAR,2026-11-23,1228.2,1220.0,92.5,56.7,149.2,12.14785865494219
2026-10-07,NBCC,CURRENT,2026-10-27,77.01,77.0,2.08,2.13,4.21,5.4668224905856375
2026-10-07,NBCC,FAR,2026-12-29,77.78,78.0,7.47,6.32,13.79,17.729493443044483
2026-10-07,NBCC,NEAR,2026-11-23,77.31,77.0,6.22,4.53,10.75,13.905057560470832
2026-10-07,NESTLEIND,CURRENT,2026-10-27,1325.1,1330.0,30.1,35.85,65.95,4.9769828692174185
2026-10-07,NESTLEIND,FAR,2026-12-29,1337.0,1340.0,79.8,54.45,134.25,10.041136873597608
2026-10-07,NESTLEIND,NEAR,2026-11-23,1327.3,1330.0,66.5,39.0,105.5,7.9484668123257745
2026-10-07,NHPC,CURRENT,2026-10-27,72.49,72.0,1.83,1.29,3.12,4.304041936818872
2026-10-07,NHPC,FAR,2026-12-29,72.35,72.0,5.83,2.0,7.83,10.822391154111957
2026-10-07,NHPC,NEAR,2026-11-23,72.4,72.0,8.15,1.5,9.65,13.328729281767956
2026-10-07,NIFTY,CURRENT,2026-10-27,22632.9,22650.0,268.25,277.2,545.45,2.409987230977913
2026-10-07,NIFTY,FAR,2026-12-29,22876.2,22900.0,524.25,543.2,1067.45,4.666203302996127
2026-10-07,NIFTY,NEAR,2026-11-23,22737.5,22750.0,417.6,423.1,840.7,3.697416162726773
2026-10-07,NIFTYFPI,CURRENT,2026-10-27,1476.15,1475.0,141.75,8.05,149.8,10.148020187650308
2026-10-07,NIFTYFPI,FAR,2026-12-29,1495.45,1495.0,48.5,48.1,96.6,6.459594102109732
2026-10-07,NIFTYFPI,NEAR,2026-11-23,1482.65,1485.0,132.4,11.7,144.1,9.719084072437864
2026-10-07,NMDC,CURRENT,2026-10-27,72.86,73.0,1.92,2.0,3.92,5.380181169365907
2026-10-07,NMDC,FAR,2026-12-29,73.64,74.0,7.55,3.46,11.01,14.95111352525801
2026-10-07,NMDC,NEAR,2026-11-23,73.23,73.0,6.81,3.5,10.31,14.078929400518913
2026-10-07,NTPC,CURRENT,2026-10-27,317.45,317.5,5.45,5.65,11.1,3.4966136399432988
2026-10-07,NTPC,FAR,2026-12-29,318.55,320.0,20.2,12.0,32.2,10.108303249097474
2026-10-07,NTPC,NEAR,2026-11-23,317.05,317.5,8.7,8.35,17.049999999999997,5.377700678126478
2026-10-07,NYKAA,CURRENT,2026-10-27,339.55,340.0,8.1,8.35,16.45,4.844647327345015
2026-10-07,NYKAA,FAR,2026-12-29,340.0,340.0,19.0,26.65,45.65,13.426470588235292
2026-10-07,NYKAA,NEAR,2026-11-23,339.65,340.0,22.2,23.15,45.35,13.35197997939055
2026-10-07,OBEROIRLTY,CURRENT,2026-10-27,1733.4,1740.0,49.65,56.8,106.45,6.141109957309333
2026-10-07,OBEROIRLTY,FAR,2026-12-29,1747.0,1760.0,138.55,109.85,248.4,14.218660560961649
2026-10-07,OBEROIRLTY,NEAR,2026-11-23,1735.5,1740.0,116.35,78.0,194.35,11.198501872659175
2026-10-07,OFSS,CURRENT,2026-10-27,10546.0,10500.0,418.35,372.3,790.6500000000001,7.497155319552438
2026-10-07,OFSS,FAR,2026-12-29,10521.0,10500.0,880.9,821.1,1702.0,16.177169470582644
2026-10-07,OFSS,NEAR,2026-11-23,10420.0,10500.0,550.0,664.1,1214.1,11.651631477927063
2026-10-07,OIL,CURRENT,2026-10-27,453.3,455.0,10.05,14.2,24.25,5.349658063092874
2026-10-07,OIL,FAR,2026-12-29,454.45,450.0,44.3,28.3,72.6,15.975354824513149
2026-10-07,OIL,NEAR,2026-11-23,452.65,455.0,32.5,24.0,56.5,12.48205014912184
2026-10-07,ONGC,CURRENT,2026-10-27,222.98,222.5,4.56,4.04,8.6,3.856848147815948
2026-10-07,ONGC,FAR,2026-12-29,225.27,225.0,17.67,9.37,27.04,12.003373729302613
2026-10-07,ONGC,NEAR,2026-11-23,223.97,225.0,6.52,5.75,12.27,5.478412287359914
2026-10-07,PAGEIND,CURRENT,2026-10-27,37595.0,37500.0,923.95,798.95,1722.9,4.582790264662854
2026-10-07,PAGEIND,FAR,2026-12-29,37750.0,38000.0,1820.75,2684.0,4504.75,11.933112582781456
2026-10-07,PAGEIND,NEAR,2026-11-23,37485.0,37500.0,1446.9,2033.9,3480.8,9.285847672402294
2026-10-07,PATANJALI,CURRENT,2026-10-27,361.05,360.0,12.95,11.8,24.75,6.855006231823848
2026-10-07,PATANJALI,FAR,2026-12-29,364.35,360.0,36.2,19.55,55.75,15.301221353094553
2026-10-07,PATANJALI,NEAR,2026-11-23,362.3,360.0,22.55,26.3,48.85,13.483301131658845
2026-10-07,PAYTM,CURRENT,2026-10-27,1741.9,1740.0,58.85,56.55,115.4,6.624949767495264
2026-10-07,PAYTM,FAR,2026-12-29,1757.3,1760.0,151.25,202.45,353.7,20.1274682751949
2026-10-07,PAYTM,NEAR,2026-11-23,1750.9,1760.0,167.95,183.8,351.75,20.089668170655088
2026-10-07,PERSISTENT,CURRENT,2026-10-27,5488.0,5500.0,188.75,200.6,389.35,7.094569970845481
2026-10-07,PERSISTENT,FAR,2026-12-29,5490.0,5400.0,367.75,526.65,894.4,16.29143897996357
2026-10-07,PERSISTENT,NEAR,2026-11-23,5498.0,5500.0,295.0,512.1,807.1,14.679883594034196
2026-10-07,PETRONET,CURRENT,2026-10-27,295.8,295.0,6.45,5.75,12.2,4.124408384043273
2026-10-07,PETRONET,FAR,2026-12-29,291.0,290.0,18.3,21.1,39.400000000000006,13.539518900343644
2026-10-07,PETRONET,NEAR,2026-11-23,295.1,295.0,11.25,20.65,31.9,10.809894950864113
2026-10-07,PFC,CURRENT,2026-10-27,325.9,325.0,8.35,7.6,15.95,4.894139306535748
2026-10-07,PFC,FAR,2026-12-29,326.7,330.0,23.95,25.05,49.0,14.99846954392409
2026-10-07,PFC,NEAR,2026-11-23,326.95,325.0,9.45,10.55,20.0,6.117143294081664
2026-10-07,PGEL,CURRENT,2026-10-27,525.15,530.0,14.35,19.35,33.7,6.417214129296392
2026-10-07,PGEL,FAR,2026-12-29,530.35,540.0,40.5,79.45,119.95,22.61713962477609
2026-10-07,PGEL,NEAR,2026-11-23,528.15,530.0,30.0,62.7,92.7,17.551831865947175
2026-10-07,PHOENIXLTD,CURRENT,2026-10-27,1851.9,1860.0,47.6,56.85,104.45,5.640153356012744
2026-10-07,PHOENIXLTD,FAR,2026-12-29,1894.4,1880.0,178.7,102.15,280.85,14.825274493243242
2026-10-07,PHOENIXLTD,NEAR,2026-11-23,1851.3,1860.0,154.5,69.0,223.5,12.07259763409496
2026-10-07,PIDILITIND,CURRENT,2026-10-27,1489.2,1480.0,36.35,26.7,63.05,4.233816814396992
2026-10-07,PIDILITIND,FAR,2026-12-29,1528.3,1520.0,63.35,56.4,119.75,7.835503500621606
2026-10-07,PIDILITIND,NEAR,2026-11-23,1492.7,1500.0,52.0,74.0,126.0,8.44107992228847
2026-10-07,PIIND,CURRENT,2026-10-27,2204.3,2200.0,59.65,54.95,114.6,5.198929365331397
2026-10-07,PIIND,FAR,2026-12-29,2178.2,2160.0,247.1,86.65,333.75,15.322284455054632
2026-10-07,PIIND,NEAR,2026-11-23,2187.9,2180.0,195.25,67.1,262.35,11.990950226244344
2026-10-07,PNB,CURRENT,2026-10-27,115.02,115.0,3.18,3.1,6.28,5.459920013910625
2026-10-07,PNB,FAR,2026-12-29,116.31,116.0,6.35,8.9,15.25,13.111512337718167
2026-10-07,PNB,NEAR,2026-11-23,115.58,116.0,8.77,4.9,13.67,11.827305762242602
2026-10-07,PNBHOUSING,CURRENT,2026-10-27,1137.5,1140.0,33.3,35.65,68.94999999999999,6.06153846153846
2026-10-07,PNBHOUSING,FAR,2026-12-29,1145.9,1160.0,72.7,117.5,190.2,16.598307007592283
2026-10-07,PNBHOUSING,NEAR,2026-11-23,1141.7,1140.0,57.5,89.2,146.7,12.849259875624067
2026-10-07,POLICYBZR,CURRENT,2026-10-27,1040.8,1040.0,45.0,44.25,89.25,8.575134511913912
2026-10-07,POLICYBZR,FAR,2026-12-29,1045.3,1040.0,184.5,128.3,312.8,29.92442361044677
2026-10-07,POLICYBZR,NEAR,2026-11-23,1042.9,1040.0,74.0,69.0,143.0,13.711765269920411
2026-10-07,POLYCAB,CURRENT,2026-10-27,8346.5,8300.0,254.95,207.55,462.5,5.541244833163601
2026-10-07,POLYCAB,FAR,2026-12-29,8348.0,8400.0,545.35,719.8,1265.15,15.155126976521323
2026-10-07,POLYCAB,NEAR,2026-11-23,8366.0,8400.0,320.0,330.05,650.05,7.770141047095386
2026-10-07,POWERGRID,CURRENT,2026-10-27,253.55,252.5,5.5,4.45,9.95,3.9242752908696503
2026-10-07,POWERGRID,FAR,2026-12-29,253.75,255.0,19.35,9.1,28.450000000000003,11.211822660098523
2026-10-07,POWERGRID,NEAR,2026-11-23,251.0,250.0,29.5,3.5,33.0,13.147410358565736
2026-10-07,POWERINDIA,CURRENT,2026-10-27,31705.0,31500.0,1096.1,894.8,1990.9,6.279451190663933
2026-10-07,POWERINDIA,FAR,2026-12-29,31900.0,32000.0,2978.8,3774.95,6753.75,21.171630094043888
2026-10-07,POWERINDIA,NEAR,2026-11-23,31875.0,32000.0,1650.0,1751.1,3401.1,10.670117647058824
2026-10-07,PREMIERENE,CURRENT,2026-10-27,908.7,900.0,34.55,25.65,60.2,6.624848684934522
2026-10-07,PREMIERENE,FAR,2026-12-29,899.55,880.0,75.45,72.55,148.0,16.452670779834364
2026-10-07,PREMIERENE,NEAR,2026-11-23,904.6,900.0,39.0,42.0,81.0,8.954233915542781
2026-10-07,PRESTIGE,CURRENT,2026-10-27,1433.2,1440.0,42.3,47.25,89.55,6.248255651688528
2026-10-07,PRESTIGE,FAR,2026-12-29,1450.6,1440.0,120.55,121.95,242.5,16.717220460499107
2026-10-07,PRESTIGE,NEAR,2026-11-23,1438.2,1440.0,82.75,52.7,135.45,9.4180225281602
2026-10-07,RADICO,CURRENT,2026-10-27,4517.3,4500.0,133.25,119.9,253.15,5.604011245655591
2026-10-07,RADICO,FAR,2026-12-29,4550.8,4600.0,262.3,430.9,693.2,15.232486595763383
2026-10-07,RADICO,NEAR,2026-11-23,4545.1,4550.0,197.35,342.95,540.3,11.887527227123714
2026-10-07,RBLBANK,CURRENT,2026-10-27,413.3,415.0,11.7,13.35,25.05,6.060972659085409
2026-10-07,RBLBANK,FAR,2026-12-29,418.75,420.0,27.25,39.1,66.35,15.844776119402985
2026-10-07,RBLBANK,NEAR,2026-11-23,415.4,415.0,20.0,30.4,50.4,12.132883967260472
2026-10-07,RECLTD,CURRENT,2026-10-27,298.6,300.0,6.8,8.2,15.0,5.023442732752846
2026-10-07,RECLTD,FAR,2026-12-29,295.0,290.0,25.25,10.5,35.75,12.11864406779661
2026-10-07,RECLTD,NEAR,2026-11-23,295.9,295.0,10.2,17.1,27.3,9.226089895234878
2026-10-07,RELIANCE,CURRENT,2026-10-27,1210.2,1210.0,26.05,25.5,51.55,4.259626508015204
2026-10-07,RELIANCE,FAR,2026-12-29,1223.6,1220.0,45.0,40.0,85.0,6.946714612618503
2026-10-07,RELIANCE,NEAR,2026-11-23,1216.6,1220.0,35.5,37.95,73.45,6.037317113266481
2026-10-07,RVNL,CURRENT,2026-10-27,195.51,195.0,7.0,6.4,13.4,6.853869367295791
2026-10-07,RVNL,FAR,2026-12-29,195.25,195.0,20.89,15.13,36.02,18.448143405889887
2026-10-07,RVNL,NEAR,2026-11-23,195.22,195.0,16.38,11.74,28.12,14.404261858416143
2026-10-07,SAGILITY,CURRENT,2026-10-27,43.38,43.0,1.58,1.21,2.79,6.431535269709543
2026-10-07,SAGILITY,FAR,2026-12-29,43.99,44.0,3.15,3.96,7.109999999999999,16.16276426460559
2026-10-07,SAGILITY,NEAR,2026-11-23,43.59,44.0,3.47,3.79,7.26,16.65519614590502
2026-10-07,SAIL,CURRENT,2026-10-27,175.99,175.0,11.82,18.34,30.16,17.137337348712993
2026-10-07,SAIL,FAR,2026-12-29,181.42,180.0,18.13,13.67,31.8,17.528387167897698
2026-10-07,SAIL,NEAR,2026-11-23,177.17,177.5,15.42,9.52,24.94,14.076875317491677
2026-10-07,SBICARD,CURRENT,2026-10-27,556.4,560.0,16.0,19.05,35.05,6.299424874191228
2026-10-07,SBICARD,FAR,2026-12-29,560.7,560.0,53.95,27.85,81.80000000000001,14.588906723738186
2026-10-07,SBICARD,NEAR,2026-11-23,558.4,560.0,32.95,24.5,57.45,10.288323782234958
2026-10-07,SBILIFE,CURRENT,2026-10-27,1722.9,1720.0,43.0,40.15,83.15,4.826165186603982
2026-10-07,SBILIFE,FAR,2026-12-29,1740.1,1760.0,90.6,89.8,180.4,10.367220274696855
2026-10-07,SBILIFE,NEAR,2026-11-23,1734.3,1740.0,75.3,55.0,130.3,7.513117684368334
2026-10-07,SBIN,CURRENT,2026-10-27,954.95,950.0,20.4,15.55,35.95,3.764595004974083
2026-10-07,SBIN,FAR,2026-12-29,965.5,960.0,63.3,38.0,101.3,10.491973070947695
2026-10-07,SBIN,NEAR,2026-11-23,959.6,960.0,33.05,34.05,67.1,6.992496873697373
2026-10-07,SHREECEM,CURRENT,2026-10-27,21825.0,21750.0,632.6,477.65,1110.25,5.087056128293241
2026-10-07,SHREECEM,FAR,2026-12-29,21725.0,21500.0,1575.15,860.15,2435.3,11.209666283084005
2026-10-07,SHREECEM,NEAR,2026-11-23,21695.0,21750.0,1109.95,766.8,1876.75,8.650610739801797
2026-10-07,SHRIRAMFIN,CURRENT,2026-10-27,947.85,940.0,31.45,23.4,54.85,5.786780608746109
2026-10-07,SHRIRAMFIN,FAR,2026-12-29,953.65,960.0,93.15,67.6,160.75,16.856288994914276
2026-10-07,SHRIRAMFIN,NEAR,2026-11-23,948.35,940.0,49.7,31.6,81.30000000000001,8.572784309590343
2026-10-07,SIEMENS,CURRENT,2026-10-27,3784.6,3800.0,91.35,106.1,197.45,5.217196004861808
2026-10-07,SIEMENS,FAR,2026-12-29,3806.5,3800.0,265.55,299.85,565.4000000000001,14.853539997372916
2026-10-07,SIEMENS,NEAR,2026-11-23,3781.4,3800.0,505.95,170.0,675.95,17.875654519490137
2026-10-07,SOLARINDS,CURRENT,2026-10-27,20041.0,20000.0,638.95,599.65,1238.6,6.180330322838181
2026-10-07,SOLARINDS,FAR,2026-12-29,20251.0,20500.0,1068.2,2617.85,3686.05,18.201817194212637
2026-10-07,SOLARINDS,NEAR,2026-11-23,20111.0,20000.0,1060.05,940.0,2000.05,9.945054945054943
2026-10-07,SONACOMS,CURRENT,2026-10-27,809.55,810.0,25.6,25.65,51.25,6.3306775369032176
2026-10-07,SONACOMS,FAR,2026-12-29,809.5,800.0,76.4,49.0,125.4,15.491043854231007
2026-10-07,SONACOMS,NEAR,2026-11-23,806.7,810.0,55.15,42.3,97.45,12.080079335564644
2026-10-07,SRF,CURRENT,2026-10-27,2457.3,2460.0,60.6,49.6,110.2,4.484596915313555
2026-10-07,SRF,FAR,2026-12-29,2507.0,2520.0,140.6,203.55,344.15,13.72756282409254
2026-10-07,SRF,NEAR,2026-11-23,2471.1,2480.0,113.65,151.55,265.20000000000005,10.732062644166568
2026-10-07,SUNPHARMA,CURRENT,2026-10-27,1781.8,1780.0,30.75,29.35,60.1,3.3729936019755304
2026-10-07,SUNPHARMA,FAR,2026-12-29,1804.0,1800.0,138.15,46.75,184.9,10.249445676274943
2026-10-07,SUNPHARMA,NEAR,2026-11-23,1789.1,1780.0,128.05,41.95,170.0,9.50198423788497
2026-10-07,SUPREMEIND,CURRENT,2026-10-27,3569.3,3550.0,110.65,92.3,202.95,5.685988849354215
2026-10-07,SUPREMEIND,FAR,2026-12-29,3600.8,3600.0,206.95,308.45,515.4,14.313485892023994
2026-10-07,SUPREMEIND,NEAR,2026-11-23,3573.5,3550.0,162.95,235.6,398.55,11.152931299846088
2026-10-07,SUZLON,CURRENT,2026-10-27,38.46,38.0,1.63,1.14,2.77,7.202288091523659
2026-10-07,SUZLON,FAR,2026-12-29,38.91,38.0,4.46,2.41,6.87,17.656129529683888
2026-10-07,SUZLON,NEAR,2026-11-23,38.68,39.0,2.01,1.73,3.74,9.66907962771458
2026-10-07,SWIGGY,CURRENT,2026-10-27,246.15,245.0,9.0,7.55,16.55,6.723542555352427
2026-10-07,SWIGGY,FAR,2026-12-29,248.6,250.0,18.0,19.25,37.25,14.98390989541432
2026-10-07,SWIGGY,NEAR,2026-11-23,247.9,250.0,12.55,14.15,26.700000000000003,10.770471964501818
2026-10-07,TATACONSUM,CURRENT,2026-10-27,970.05,970.0,20.45,20.3,40.75,4.200814391010773
2026-10-07,TATACONSUM,FAR,2026-12-29,984.0,980.0,54.55,52.5,107.05,10.879065040650406
2026-10-07,TATACONSUM,NEAR,2026-11-23,975.85,980.0,116.95,21.9,138.85,14.228621202028998
2026-10-07,TATAELXSI,CURRENT,2026-10-27,3099.2,3100.0,110.3,108.75,219.05,7.0679530201342295
2026-10-07,TATAELXSI,FAR,2026-12-29,3104.8,3100.0,318.6,162.65,481.25,15.500193249162583
2026-10-07,TATAELXSI,NEAR,2026-11-23,3097.9,3100.0,668.25,149.4,817.65,26.393686045385586
2026-10-07,TATAPOWER,CURRENT,2026-10-27,345.1,345.0,7.15,7.1,14.25,4.129237902057374
2026-10-07,TATAPOWER,FAR,2026-12-29,349.3,350.0,27.6,13.5,41.1,11.76638992270255
2026-10-07,TATAPOWER,NEAR,2026-11-23,346.9,345.0,25.35,8.25,33.6,9.685788411646008
2026-10-07,TATASTEEL,CURRENT,2026-10-27,175.88,175.0,5.11,4.36,9.47,5.384352967932681
2026-10-07,TATASTEEL,FAR,2026-12-29,177.7,180.0,10.67,6.93,17.6,9.904333145751268
2026-10-07,TATASTEEL,NEAR,2026-11-23,176.75,177.5,10.0,4.13,14.13,7.994342291371994
2026-10-07,TCS,CURRENT,2026-10-27,2076.7,2080.0,63.05,66.2,129.25,6.2238166321567885
2026-10-07,TCS,FAR,2026-12-29,2096.5,2080.0,133.0,143.55,276.55,13.19103267350346
2026-10-07,TCS,NEAR,2026-11-23,2086.3,2080.0,95.5,88.5,184.0,8.819441115851028
2026-10-07,TECHM,CURRENT,2026-10-27,1482.5,1480.0,47.75,44.75,92.5,6.239460370994941
2026-10-07,TECHM,FAR,2026-12-29,1491.5,1480.0,125.2,73.05,198.25,13.29198793161247
2026-10-07,TECHM,NEAR,2026-11-23,1486.0,1480.0,187.15,45.25,232.4,15.6393001345895
2026-10-07,TIINDIA,CURRENT,2026-10-27,2396.0,2400.0,74.25,77.15,151.4,6.318864774624375
2026-10-07,TIINDIA,FAR,2026-12-29,2418.3,2400.0,220.45,172.3,392.75,16.240747632634495
2026-10-07,TIINDIA,NEAR,2026-11-23,2421.4,2400.0,574.65,51.0,625.65,25.83835797472536
2026-10-07,TITAN,CURRENT,2026-10-27,4380.8,4400.0,76.6,94.3,170.89999999999998,3.9011139517896263
2026-10-07,TITAN,FAR,2026-12-29,4429.2,4400.0,454.4,97.25,551.65,12.454845118757335
2026-10-07,TITAN,NEAR,2026-11-23,4403.8,4400.0,145.5,138.6,284.1,6.45124665061992
2026-10-07,TMPV,CURRENT,2026-10-27,285.1,285.0,7.7,7.6,15.3,5.366538056822168
2026-10-07,TMPV,FAR,2026-12-29,288.6,290.0,18.65,23.45,42.1,14.587664587664584
2026-10-07,TMPV,NEAR,2026-11-23,286.3,285.0,16.1,16.95,33.05,11.543835137967166
2026-10-07,TORNTPHARM,CURRENT,2026-10-27,4713.9,4700.0,111.4,95.45,206.85,4.388086297969835
2026-10-07,TORNTPHARM,FAR,2026-12-29,4828.4,4800.0,350.25,185.9,536.15,11.104092452986498
2026-10-07,TORNTPHARM,NEAR,2026-11-23,4740.6,4750.0,308.25,122.05,430.3,9.076910095768469
2026-10-07,TRENT,CURRENT,2026-10-27,2894.9,2900.0,65.9,71.9,137.8,4.760095340080832
2026-10-07,TRENT,FAR,2026-12-29,2913.0,2900.0,168.7,355.75,524.45,18.003776175763818
2026-10-07,TRENT,NEAR,2026-11-23,2904.9,2900.0,123.4,118.35,241.75,8.322145340631346
2026-10-07,TVSMOTOR,CURRENT,2026-10-27,3935.4,3950.0,97.4,109.15,206.55,5.248513492910504
2026-10-07,TVSMOTOR,FAR,2026-12-29,3980.0,4000.0,264.35,195.2,459.55,11.546482412060302
2026-10-07,TVSMOTOR,NEAR,2026-11-23,3952.1,3950.0,304.2,128.0,432.2,10.93595809822626
2026-10-07,UJJIVANSFB,CURRENT,2026-10-27,64.74,65.0,2.25,2.66,4.91,7.584182885387706
2026-10-07,UJJIVANSFB,FAR,2026-12-29,65.13,66.0,6.04,5.81,11.85,18.19438046982957
2026-10-07,UJJIVANSFB,NEAR,2026-11-23,65.15,65.0,4.5,4.18,8.68,13.323100537221794
2026-10-07,ULTRACEMCO,CURRENT,2026-10-27,10673.0,10700.0,220.65,246.55,467.2000000000001,4.377400918204817
2026-10-07,ULTRACEMCO,FAR,2026-12-29,10788.0,10800.0,685.6,450.0,1135.6,10.526510938079346
2026-10-07,ULTRACEMCO,NEAR,2026-11-23,10720.0,10700.0,576.65,352.6,929.25,8.668376865671641
2026-10-07,UNIONBANK,CURRENT,2026-10-27,173.47,172.5,5.77,4.77,10.54,6.0759785553698045
2026-10-07,UNIONBANK,FAR,2026-12-29,176.0,175.0,10.67,17.11,27.78,15.784090909090908
2026-10-07,UNIONBANK,NEAR,2026-11-23,174.21,175.0,7.5,8.58,16.08,9.230239366282072
2026-10-07,UNITDSPR,CURRENT,2026-10-27,1350.4,1360.0,29.1,38.05,67.15,4.9726007109004735
2026-10-07,UNITDSPR,FAR,2026-12-29,1360.9,1360.0,90.2,67.3,157.5,11.573223602028069
2026-10-07,UNITDSPR,NEAR,2026-11-23,1356.6,1360.0,227.15,50.0,277.15,20.429750847707503
2026-10-07,UNOMINDA,CURRENT,2026-10-27,1105.6,1100.0,32.6,27.25,59.85,5.413350217076701
2026-10-07,UNOMINDA,FAR,2026-12-29,1116.9,1120.0,123.15,64.75,187.9,16.823350344704092
2026-10-07,UNOMINDA,NEAR,2026-11-23,1098.8,1100.0,112.0,40.25,152.25,13.856024754277394
2026-10-07,UPL,CURRENT,2026-10-27,497.65,500.0,12.55,14.9,27.450000000000003,5.515924846779866
2026-10-07,UPL,FAR,2026-12-29,502.75,500.0,65.95,20.65,86.6,17.22526106414719
2026-10-07,UPL,NEAR,2026-11-23,500.05,500.0,25.0,20.95,45.95,9.189081091890811
2026-10-07,VBL,CURRENT,2026-10-27,441.5,440.0,12.0,10.75,22.75,5.152887882219705
2026-10-07,VBL,FAR,2026-12-29,446.35,450.0,25.4,38.8,64.19999999999999,14.383331466338072
2026-10-07,VBL,NEAR,2026-11-23,443.9,445.0,19.45,30.45,49.9,11.24127055643163
2026-10-07,VEDL,CURRENT,2026-10-27,259.45,260.0,7.35,8.0,15.35,5.9163615340142615
2026-10-07,VEDL,FAR,2026-12-29,261.75,260.0,24.0,20.2,44.2,16.886341929321873
2026-10-07,VEDL,NEAR,2026-11-23,260.85,260.0,12.35,12.3,24.65,9.449875407322214
2026-10-07,VMM,CURRENT,2026-10-27,99.83,100.0,3.07,3.14,6.21,6.220574977461685
2026-10-07,VMM,FAR,2026-12-29,100.42,100.0,10.68,5.29,15.97,15.903206532563232
2026-10-07,VMM,NEAR,2026-11-23,100.11,100.0,4.69,2.66,7.35,7.341923883727899
2026-10-07,VOLTAS,CURRENT,2026-10-27,1056.5,1060.0,29.35,32.0,61.35,5.806909607193564
2026-10-07,VOLTAS,FAR,2026-12-29,1066.2,1080.0,95.75,69.95,165.7,15.541174263740384
2026-10-07,VOLTAS,NEAR,2026-11-23,1060.3,1060.0,85.2,45.8,131.0,12.35499386965953
2026-10-07,WAAREEENER,CURRENT,2026-10-27,2404.9,2400.0,73.95,68.8,142.75,5.935797746268036
2026-10-07,WAAREEENER,FAR,2026-12-29,2405.0,2400.0,221.65,206.45,428.1,17.8004158004158
2026-10-07,WAAREEENER,NEAR,2026-11-23,2404.1,2400.0,105.0,86.95,191.95,7.984276860363545
2026-10-07,WIPRO,CURRENT,2026-10-27,160.18,160.0,5.09,4.96,10.05,6.274191534523661
2026-10-07,WIPRO,FAR,2026-12-29,159.81,160.0,9.21,10.07,19.28,12.06432638758526
2026-10-07,WIPRO,NEAR,2026-11-23,160.0,160.0,6.4,6.58,12.98,8.1125
2026-10-07,YESBANK,CURRENT,2026-10-27,20.72,21.0,0.52,0.77,1.29,6.225868725868726
2026-10-07,YESBANK,FAR,2026-12-29,20.96,20.0,2.04,1.04,3.08,14.69465648854962
2026-10-07,YESBANK,NEAR,2026-11-23,20.83,21.0,0.82,0.5,1.3199999999999998,6.337013922227556
2026-10-07,ZYDUSLIFE,CURRENT,2026-10-27,1156.5,1160.0,28.45,31.55,60.0,5.188067444876784
2026-10-07,ZYDUSLIFE,FAR,2026-12-29,1168.2,1160.0,101.35,43.85,145.2,12.429378531073445
2026-10-07,ZYDUSLIFE,NEAR,2026-11-23,1161.3,1160.0,56.85,75.1,131.95,11.362266425557564
